chain,hash,from,to,value,method,chain_tx_time
eth,0xbd0e6519fb72b662e6ede16dffe57040aa33a08fc6372ea1e9111997c93bff06,0xe95f6604a591f6ba33accb43a8a885c9c272108c,0x493ea6d1ad54b6170aa22b7df82c4f999db531d5,0.039,Transfer,2022/11/21 22:13
eth,0xcf73d78a29087653c5436d06c92c32910a7a35c700b2bbf8af0fe7b06b98c5f2,0xe95f6604a591f6ba33accb43a8a885c9c272108c,0xadd99ffc5436952e96984841e667e11034a3a2a6,0.039,Transfer,2022/11/21 22:13
eth,0x9d4add73043a0cedb7b865c460c860b1f972a09fc33ef8a2fe80d09b672ff5a9,0xe95f6604a591f6ba33accb43a8a885c9c272108c,0x3259c8ee2e33fc554a90e18a24e1136ebfb21d34,0.039,Transfer,2022/11/21 22:13
eth,0xe57c7d8a463923228ed622286f9b243df942cfc03bcb9539a237fafe73e22650,0xe95f6604a591f6ba33accb43a8a885c9c272108c,0x82b02b2e81b23c3bf71735084ec60e821262b948,0.039,Transfer,2022/11/21 22:13
eth,0x9829bfbc73b5c99a999cbde8b7d913057caaf0c721235a6c61b34534beba8a93,0xe95f6604a591f6ba33accb43a8a885c9c272108c,0xbe2f85aa4c8badf2e1a1c14918f4717b0504fbfb,0.039,Transfer,2022/11/21 22:14
eth,0xb697dfe46a14466621e6493112bae277610105b02ba0cf94635ae61d063b5f54,0xe95f6604a591f6ba33accb43a8a885c9c272108c,0x1bc8ac52c2bef71c573e4ff69594b48cb7feb652,0.039,Transfer,2022/11/21 22:14
eth,0x9ae25bd3c5c07d513ea0f4fbdbe992127cf99600e43e907501e0924db48dd88d,0xe95f6604a591f6ba33accb43a8a885c9c272108c,0x7f141a2b3da12ab6d8a9964d1393d7c2a71951ec,0.039,Transfer,2022/11/21 22:14
eth,0x6ca8a9ae14dfb9527e9c475839948e35aee8762d1df33e7013d5561e69fe7701,0xe95f6604a591f6ba33accb43a8a885c9c272108c,0xf1a20aa07b70d06ae9d5905e5737393ffa28e5b6,0.039,Transfer,2022/11/21 22:14
eth,0xdbe460c366cb7018db9f1d08933165428d64389775842e8f575ad8b892f4071c,0xe95f6604a591f6ba33accb43a8a885c9c272108c,0x6b5bb9e2817a3a80e7579fe996d076a22dbb72b2,0.039,Transfer,2022/11/21 22:15
eth,0x4ed4b496cbc44ff9ad1f0acf5d5ccc3a06ec3a63d50220f4073650f0d03e13d8,0xe95f6604a591f6ba33accb43a8a885c9c272108c,0x59bab55da469ed96d7aeb3f4745be8390c36e98c,0.039,Transfer,2022/11/21 22:15
eth,0xc52e23321b33f05798ac7e122cab4f769ecdf2077a4c191fb0416e76d2a25c1a,0xe95f6604a591f6ba33accb43a8a885c9c272108c,0x479e94842533bac4ea9e2ced05346ebbfa55007b,0.039,Transfer,2022/11/21 22:16
eth,0x8da618999acf2d612146f9baf15b80a855ff441ec0bb43e2769ca752920ca9a6,0xe95f6604a591f6ba33accb43a8a885c9c272108c,0x74f91e37d2d6e762ec61977cc7d4c14a486f1c47,0.039,Transfer,2022/11/21 22:16
eth,0x93383ead4b2815a3b4d8bb9b0083d16f4f02fb8dde48657d873742dd45a07a5d,0xe95f6604a591f6ba33accb43a8a885c9c272108c,0xf4310728160a30441f7e4274b2ee48c75d66be9d,0.039,Transfer,2022/11/21 22:17
eth,0xeaf2c05c8e0da2c0fab0822bee4ad1f3aa12a4d1623bc97278374cb6f4d6b00b,0xe95f6604a591f6ba33accb43a8a885c9c272108c,0xedd7e6a109613b91a62d50639ecdc8676cd62c49,0.039,Transfer,2022/11/21 22:17
eth,0xf53fe9f8f0d59fe1033a3324a070c4dab8c33b15e3c675309996f1de5545b202,0xe95f6604a591f6ba33accb43a8a885c9c272108c,0x803e1b8445b54f3b6759ab2c207ae8e212c24f51,0.039,Transfer,2022/11/21 22:17
eth,0xe633666e6eb33298d5236f3cef444be78d9fbb620b8eae398f6a2afd7616fa8e,0xe95f6604a591f6ba33accb43a8a885c9c272108c,0x348e38d4b6e1f2650bb463928dcb1612b0795d5b,0.039,Transfer,2022/11/21 22:17
eth,0x4cf3ecbdbc6dabcc41403b38a9bd73cad2d3b217970d411cffbba049836f46f6,0xe95f6604a591f6ba33accb43a8a885c9c272108c,0xb1d8b0aad425d2e3461ba651e531f42e4d9b83b9,0.039,Transfer,2022/11/21 22:17
eth,0xdeed51bf929eb5845c8f4d0c9d0ab6dd0bb8597ca841a1c94728a659bccc3c8e,0xe95f6604a591f6ba33accb43a8a885c9c272108c,0x6c9bc8357bae105fad172bfa4d2645b8b0379064,0.039,Transfer,2022/11/21 22:18
eth,0xe9e1d191b56775e4b502a5bfc026de0f122292477447e4a08d8cb556c93e19fb,0xe95f6604a591f6ba33accb43a8a885c9c272108c,0x6b17894deaf6482c16dafac2876c510347a96aad,0.039,Transfer,2022/11/21 22:18
eth,0x0b8806038c2b5958e09c21b6b4f51435851c402295635d50de9667878d9c8f54,0xe95f6604a591f6ba33accb43a8a885c9c272108c,0xae6dad01f1d75b933524c2ab48fd45cfdfd8374e,0.039,Transfer,2022/11/21 22:18
eth,0xd4e740d001693f5bb31a3e3a34250bb2a22928eb8c42b94a508be4f7d732012b,0xe95f6604a591f6ba33accb43a8a885c9c272108c,0x42a1b3b4da5cd12d3c9ee3acf05cd2356eb0c90b,0.039,Transfer,2022/11/21 22:18
eth,0x287cd46355d0c70800340d4d98d84a1aa156b6ca0304bfd742ce20ae74c4f385,0xe95f6604a591f6ba33accb43a8a885c9c272108c,0xa63da2c0b73819ca18d0937e491eb033dbff53a4,0.039,Transfer,2022/11/21 22:18
eth,0xe1f7c56bd543b906da99ab75d4d13e05ea6387136edfd35eccdb06f625dd4e90,0xe95f6604a591f6ba33accb43a8a885c9c272108c,0x1aefc717c909c4f1f8e3d11019d9b0d9f03379a2,0.039,Transfer,2022/11/21 22:19
eth,0xe70e7d96292a5569d13a797d46580ae18be5196538ddb3d20755e54e796e08e2,0xe95f6604a591f6ba33accb43a8a885c9c272108c,0xc87beec0cc354c8c8996eaeaff6074afeb7d8b1a,0.039,Transfer,2022/11/21 22:19
eth,0xdeaa231a2fa2ffbe61a532968c2e5df514dd21c0f40bc9b1d5285ed9511312f6,0xe95f6604a591f6ba33accb43a8a885c9c272108c,0xcbb3d5b2325b0eb71dbaaa2c6a9de232d2876288,0.039,Transfer,2022/11/21 22:19
eth,0xa713491ac42db975d6cfaca90b3e246fc3b127a431dd54f5cb891074655f3783,0xe95f6604a591f6ba33accb43a8a885c9c272108c,0xa657cd6d259f67a7cb7c4614fdb75cafcf5f9e51,0.039,Transfer,2022/11/21 22:19
eth,0xd444de0df51c956a9a96112af6f466a0b0c51af816acc8a7eb8242a32c395756,0xe95f6604a591f6ba33accb43a8a885c9c272108c,0xff0d491683fbccb6d369af226bb0a5b6cbd9e9f7,0.039,Transfer,2022/11/21 22:19
eth,0xe4fe61d722507c1ddc28739b6fd0ced364c82a3f9aeb23b6ce60fba52a298d3b,0xe95f6604a591f6ba33accb43a8a885c9c272108c,0xa6d5ffd903a2331e8512561deaabdb36cd6fafee,0.039,Transfer,2022/11/21 22:20
eth,0xfe2034f435af01c53e9a0b0b4f2bb00406386a337cc73be71291703a42e3d83d,0xe95f6604a591f6ba33accb43a8a885c9c272108c,0xb01f291fe18266b83440b6b501cd2dc6dac6f62d,0.039,Transfer,2022/11/21 22:20
eth,0x52ee6ead8c4cf2d3e8fb452f7d1edcac93c73a0d78ce972679076014bc54ba30,0xe95f6604a591f6ba33accb43a8a885c9c272108c,0x37bd683e17b10917c4b7724c23c6ca5768639d74,0.039,Transfer,2022/11/21 22:20
eth,0x11d5e169d7ec39d9f8dc5ffa16c9225dc5fef7e7b2a0aa69cf76c9aba72e917c,0xe95f6604a591f6ba33accb43a8a885c9c272108c,0xdb0ab6e6a94d65d7296517c51db00df657595d10,0.039,Transfer,2022/11/21 22:20
eth,0x04342697969236c02e56805dcc871f067d7b13269e0774271992438dde1fbfbf,0xe95f6604a591f6ba33accb43a8a885c9c272108c,0xbfd3dcb116446235614f41ffb06034241b61cb93,0.039,Transfer,2022/11/21 22:20
eth,0xdb05a59fa4b15e09e827e3feb1ac0cc027827429f57636ced0d98bff8a5ea408,0xe95f6604a591f6ba33accb43a8a885c9c272108c,0x2f5ac1e616416103d6e31df9a344735b7df3533d,0.039,Transfer,2022/11/21 22:20
eth,0xb904bed4e9f4e902b95e1beba8474d9db921283bf006023d65887a35847b67bd,0xe95f6604a591f6ba33accb43a8a885c9c272108c,0x3fa5b3f958dacbfcd423d0a62da4faedf049535e,0.039,Transfer,2022/11/21 22:21
eth,0xb11c9532c81a0a567a10cc16c3c6bdc2caba452c55d37cc4c8b26c5b6c2a5d55,0xe95f6604a591f6ba33accb43a8a885c9c272108c,0x99c2a246e5fc580f3c4cdf30943cb69340797ec3,0.039,Transfer,2022/11/21 22:21
eth,0x09e0a4a55785e882f076aae2f57e2561e62e94b7c5c0189fa4493c80ba8c599f,0xe95f6604a591f6ba33accb43a8a885c9c272108c,0xb3658cca391a52855bf6685f9094ee3f349d6d11,0.039,Transfer,2022/11/21 22:22
eth,0x1ec101d2c2ee39d52e05150885e885de08dc8c33bf12c15007f96839e253131f,0xe95f6604a591f6ba33accb43a8a885c9c272108c,0x990342ba9930d6442886ee8f5f3af1ec18c91750,0.039,Transfer,2022/11/21 22:22
eth,0xd6e59d0b2d54c440fd730885e03efd5aba45606ccaa2236dd7e9693595249a7a,0xe95f6604a591f6ba33accb43a8a885c9c272108c,0x9ce043e3ce84d2f409b2e973fdeeb586052bbef8,0.039,Transfer,2022/11/21 22:23
eth,0x623e4322a5c6809bd024d18031ffe39a2086165e36888a281a7a192d6c5a5dd8,0xe95f6604a591f6ba33accb43a8a885c9c272108c,0xb037139c5766aecc00b53c6bc6955c57991414c6,0.039,Transfer,2022/11/21 22:24
eth,0xe4374a17b0a72f31fe5d4d634da6c8f2830f52d10507ed54c07a4493d449fdb3,0xe95f6604a591f6ba33accb43a8a885c9c272108c,0xa41f5829a0e6271f1ebda44419aaa280c0255758,0.039,Transfer,2022/11/21 22:24
eth,0x33c7bef65eff1fb5a6e6dc586fce24dc9342ab2fc23af296665f4f7ffaddc7c7,0xe95f6604a591f6ba33accb43a8a885c9c272108c,0x1b2abb1314c26de734914a047ec9d106582a672f,0.039,Transfer,2022/11/21 22:24
eth,0x5616b532908ec200ffd1ef602ebc8f66690dd0eddf0f0de09c685188f48c8f15,0xe95f6604a591f6ba33accb43a8a885c9c272108c,0x397309519cf1be48878bc51b365626553727c012,0.039,Transfer,2022/11/21 22:24
eth,0xf0f3886b9e403e1d95d8a283c77fd5f95a2bdccbebf23e96bf4385b8db3ec0c2,0xe95f6604a591f6ba33accb43a8a885c9c272108c,0x8da9e2f7bd7568d98af00121a6b717ca316d44f3,0.039,Transfer,2022/11/21 22:25
eth,0x0df4029bb2ebe25b0a12a64d9c291e055dd8f70822cfba9d7dfc2a608c73e3b7,0xe95f6604a591f6ba33accb43a8a885c9c272108c,0xd49a3b48acc19442b29574366380eb7313a2b62f,0.039,Transfer,2022/11/21 22:26
eth,0x2f3b80952cf9773e87a7854f06cbfc8fbd8fb7b220be3088d607af67e69fe224,0xe95f6604a591f6ba33accb43a8a885c9c272108c,0xe4031209075c96ea9017fc08afba0e78a7fc055c,0.039,Transfer,2022/11/21 22:26
eth,0x4e154ef05060f0c1910232c1dbf6e179e1ebcc52af7fa8df10dd9b905126dc99,0xe95f6604a591f6ba33accb43a8a885c9c272108c,0x373aed8c8a071d41bdb87d8b2a64ba31335a7386,0.039,Transfer,2022/11/21 22:27
eth,0x2961e78fbaf7ec5281018d0006d99d04db9b12980da641ab4c0dc480cfb47832,0xe95f6604a591f6ba33accb43a8a885c9c272108c,0x12b9f114a3a27e04b55d5daba9d6fe2b097213c3,0.039,Transfer,2022/11/21 22:27
eth,0xe4b5eacbc42651f455271d872131a0b5ff41ccc733600391642077dd64d4b35a,0xe95f6604a591f6ba33accb43a8a885c9c272108c,0x674cff0e0cc2f93101bb6b1a6ee8213e4a9ab21e,0.039,Transfer,2022/11/21 22:28
eth,0x88570eb276c67c84f5b226dc0ac1b9afb3b967da4b9cfdb163caf4ee3c7ece70,0xe95f6604a591f6ba33accb43a8a885c9c272108c,0x0f7f0769a31f9b3f8811b0e9d98c00602933c889,0.039,Transfer,2022/11/21 22:28
