,source_chain,source_transaction_hash,destination_chain,destination_transaction_hash,sender_wallet,source_timestamp_utc,project,native_drop_usd,stargate_swap_usd
0,Arbitrum,0x568392830f8b20d3a75af78d244dd7867069438eecb2fafd71ee1ab90c5d150a,Optimism,0xb23454fa1ffea1c29707822dda4c4c8b594559bb5db9992cdb25d451941e1328,0x1f11e89ed9f771e8628414c842fc0475dbd30a14,2023-04-06 04:11:09,Stargate,0.0,7.00759147
1,Arbitrum,0x44e94188febc99b6a530daed197d78394baaaa738b37dc32cb87bfa1aa6f3473,Optimism,0x04fdad1f09ac8e0008bea05d875d1fb80fad3c2feacf0367b375491ef4e68c83,0x1f11e89ed9f771e8628414c842fc0475dbd30a14,2023-07-09 21:50:33,Stargate,0.0,13.97993752
2,Arbitrum,0xcd7e7d245b41f48c2eb80603d351417bf9f26c84898fbb48348c92fdc0de8ffe,Optimism,0x1f6b0ce3be891f5ff42c3b1b08a8df7e60c2e5d8df52853968f7736588b7caa1,0x1f11e89ed9f771e8628414c842fc0475dbd30a14,2023-07-20 20:07:41,Stargate,0.0,100.94424405
3,Arbitrum,0xf91e96cb60588406b544d98dd862f203502cb12f06429368b008935bf661222f,Optimism,0x5258c7d2b6e485f9317182a194e786e051eb1fab459e202c3a3b2393e3728f73,0x1f11e89ed9f771e8628414c842fc0475dbd30a14,2023-08-27 11:28:53,Stargate,0.0,45.70413472
4,Arbitrum,0x929a58cca832e2ac5a2cde5e554dafe18f171fb223928bd3d42d6abe8c9fd414,Optimism,0x8dc323b8bc65f08d431eb9004d5b0929bac6b5097efa3ad804d0373d03b9e2b0,0x1f11e89ed9f771e8628414c842fc0475dbd30a14,2023-12-17 12:25:50,Stargate,0.0,35.68051928
5,Arbitrum,0x5b76f52d2b3538df9d4e89e0133c544802b386ef914a45c5e0944c55eef23489,Optimism,0x4eb9d5f27c2dd954c902b02d67706ca6f0e2b275ce32c1a2a4cb2ae4c187fb94,0x1f11e89ed9f771e8628414c842fc0475dbd30a14,2024-02-25 11:01:08,Stargate,0.0,20.88768351
6,Arbitrum,0xdb833fd84ac0734f74bf8ee7b6953d98138ae7a8899533186129882929c36c40,Optimism,0xb8ac053238732c2e075ef62ff2f559a62fa1c5a707377225bb658e21ca166cf4,0x2e6c56ca462e0579b3d02c55f1a6a5437862dc43,2023-04-06 04:15:50,Stargate,0.0,6.98849721
7,Arbitrum,0xdb52030da1e07419a578d7f3b71c4eec663e221193c2e230b4a370293be4f382,Optimism,0x36c474c0fe8d9b805e572a7beaa568f7dcc6eae234285358360071d6aed33dfa,0x2e6c56ca462e0579b3d02c55f1a6a5437862dc43,2023-07-09 21:50:40,Stargate,0.0,13.97993752
8,Arbitrum,0x6f783e66ce544e8ca419d16a3723b4ef8c462ed674f62412c17f894a1b16939c,Optimism,0x50bae819628433d822dc421466fc063f6c49d67d44a22ee62cffe43834db6160,0x2e6c56ca462e0579b3d02c55f1a6a5437862dc43,2023-07-20 20:07:54,Stargate,0.0,101.53391835
9,Arbitrum,0x97739a4670e34f3e8216d02a82157a0d621f69d666985ef8e912d48c3899fe07,Optimism,0x09014eb8ae425ba59a2f996c6ac32c0355fa94a97d650395ec0e25f125d37979,0x2e6c56ca462e0579b3d02c55f1a6a5437862dc43,2023-08-27 11:29:13,Stargate,0.0,45.48434565
10,Arbitrum,0x9a47fb896d985d5c885fdbe600031ca7a5b91beb44041d23a873de78f4b4830e,Optimism,0x58d6f9f27b2a37096c36bc6f7011bfcf73bfc690787ffa6e29ed5521af7ba217,0x2e6c56ca462e0579b3d02c55f1a6a5437862dc43,2023-12-17 12:26:03,Stargate,0.0,45.45066147
11,Arbitrum,0x1737dda31304b37dd674ccf2e50ce22cfc52201414d91143824c14caedeef24d,Optimism,0x6fe337cb322f32045a0e5735e66dfcc4b0e0e961486dcda64240dc55e398c1bc,0x2e6c56ca462e0579b3d02c55f1a6a5437862dc43,2024-02-25 11:01:18,Stargate,0.0,11.9358179
12,Arbitrum,0xbb3863d1f3e395926bad8ff2a86c55826eb6872ddd6192d319cb83257322d23a,Optimism,0xfc2ebecf6d59bc09f83c39cc9aa20da1a54d7f82465e635981c95e13b7d9ccb9,0x3ef64ea7054179a7b541393e01e7f86bc121edc5,2023-04-06 04:37:19,Stargate,0.0,6.93121445
13,Arbitrum,0x061c973088e7e25d2eb17184c2dca616fa4073ef3b15631091050e47711d42e9,Optimism,0x747f898adb4c7f2c27962c24e6908d422d80823869e68160b7ff3672f15dc8e2,0x3ef64ea7054179a7b541393e01e7f86bc121edc5,2023-07-09 21:51:27,Stargate,0.0,13.97993752
14,Arbitrum,0x205f1021fc4327a71d42752435fba60d77bad6c4917259dd04454a01f18c928b,Optimism,0x2a6a365d68ca6fce32578ed4136c96d6495529710c0bef8feef29ea85c0cb89c,0x3ef64ea7054179a7b541393e01e7f86bc121edc5,2023-07-20 20:08:42,Stargate,0.0,94.0080752
15,Arbitrum,0xc6ecbffc05cf1c37b2c611c9fbdda821f5a77fe6757af9761ae9c1e43da58f1d,Optimism,0xdfd759ebbe3fad71b9f65053a3bae752427c5f44635790492b92bf49ff7bc2b8,0x3ef64ea7054179a7b541393e01e7f86bc121edc5,2023-08-27 11:30:41,Stargate,0.0,41.33814174
16,Arbitrum,0xc582cce1aac5b32bd33a3916c1b091d31bab251fe3d402d96a6d0f08730a4169,Optimism,0xb7933ae783c23c11932cc91a2ef38493fcc58459c1bf2a7687233effba14983b,0x3ef64ea7054179a7b541393e01e7f86bc121edc5,2023-12-17 12:27:11,Stargate,0.0,31.32045583
17,Arbitrum,0x76dcebef992b5b3f0d51ca7277d0e12bd86f68193c57ed48d64e0b60645d67c7,Optimism,0xb88837390ffd29335cf12e1a66adda0f9b419573dc555143ec32d072229e7674,0x3ef64ea7054179a7b541393e01e7f86bc121edc5,2024-02-25 11:02:02,Stargate,0.0,21.18606965
18,Arbitrum,0x81e311705639967086e4eb784c67eb9db567074834ca73b844f6d7202bfd35a0,Optimism,0xa56de80d9649b8017a03ed84b0443dc8b89e0a03b150d2f5a98cb8a1e1d5d5c1,0x4f80851f7d0754562e626cfa76823ebe01ec6781,2023-04-06 04:21:34,Stargate,0.0,6.91212019
19,Arbitrum,0x85757d1a96f30df681f3f98f1c30354f33dda15a2db2a1062776009f00ddff07,Optimism,0x16ec1df3aff59bb28ecd77b35f10fd8f3c2c511c488a33aa93ee868c463d3882,0x4f80851f7d0754562e626cfa76823ebe01ec6781,2023-07-09 21:50:50,Stargate,0.0,13.97993752
20,Arbitrum,0xbed320710589fa626f7ef8bc25c6d7f068385b8da140fee3e880fb5b1ac97f3a,Optimism,0x9fa6f07e39aff38e6a657a4ec931f301f07826d1f8b63eb216f2a6ee64e7550e,0x4f80851f7d0754562e626cfa76823ebe01ec6781,2023-07-20 20:08:09,Stargate,0.0,98.54556894
21,Arbitrum,0x04a949649feb091979c98a4ad41c97c6398338576d1bcdabf671a51ebe589ff3,Optimism,0x9f3c9a0fd4f6eee3acbf63c619363fa3e239eb1212ebcdca3703776dbdd5c818,0x4f80851f7d0754562e626cfa76823ebe01ec6781,2023-08-27 11:29:43,Stargate,0.0,45.45436509
22,Arbitrum,0x97096b43a85a427aa9bfecf6e990577cf835ae14d7a3c330f63e5276de3ad57b,Optimism,0x00fb3acb51168dba0f89dd24d13380b9ac4cff755a21281de99c09650bb76a68,0x4f80851f7d0754562e626cfa76823ebe01ec6781,2023-12-17 12:26:24,Stargate,0.0,35.43051564
23,Arbitrum,0xf0a31f1fdc8d96207273d7308825b20497fba4adf8939122a1cb13d113dc6027,Optimism,0xa19c4485028aa08668f8e30de363a0261648842effd5d36781441af5f1d484f9,0x4f80851f7d0754562e626cfa76823ebe01ec6781,2024-02-25 11:01:31,Stargate,0.0,21.4844704
24,Arbitrum,0xe6225445ee3b956a0d8ca9b6370779607c0b31d198a9b4d41875ac0ab395cbbe,Optimism,0xccdc87a070de5af7338c8d4c9e4f0987bc478a7312a68bd55e47cab56678ef4e,0x54b2fb6a7d57f53944c822919dcf4d942478aa88,2023-04-06 04:13:08,Stargate,0.0,7.19853401
25,Arbitrum,0xe92652a77c66046ce7b394602f04b40e5c88777553c8b7282393705ad924047e,Optimism,0x8815bd1905ee80414625eef8a637bcd0306845fcfb7672fb845453c6760bf686,0x54b2fb6a7d57f53944c822919dcf4d942478aa88,2023-07-09 21:50:35,Stargate,0.0,13.97993752
26,Arbitrum,0x6fc52c46bd00ab48577f58ff883db8133fc2748258f5cdc043decc6288936bdd,Optimism,0x9e65208802355258f13ac8da5a0f65f778908dd6794f345e7df0717668465c28,0x54b2fb6a7d57f53944c822919dcf4d942478aa88,2023-07-20 20:07:45,Stargate,0.0,110.24910456
27,Arbitrum,0x4b5fd83227ae3afe433ff7eb4bb75b6601ee125df3e6074b127a7a98dc70fad5,Optimism,0x3d518c4f06c335c1646c0c51986137f1d08d1756f4f6b458072268afee974931,0x54b2fb6a7d57f53944c822919dcf4d942478aa88,2023-08-27 11:29:00,Stargate,0.0,50.14967018
28,Arbitrum,0xa888d361060789cb55ead1200a463aabe250fe7da74eb9a82a5318453c6bfa67,Optimism,0x2d1872c069fa3345348b9bd8dbd704421bc44b67033144c9c137efd7f3789c5b,0x54b2fb6a7d57f53944c822919dcf4d942478aa88,2023-12-17 12:25:54,Stargate,0.0,40.1205839
29,Arbitrum,0x688bf0c263f4367cbc5829273d1a361e8c99edc9b96cab3679eb1de9fa9725d5,Optimism,0x0fea3a7201c15b5aca0ac4005fe3fd26abfa5d7866e861a4639b0bbe5e08435e,0x54b2fb6a7d57f53944c822919dcf4d942478aa88,2024-02-25 11:01:12,Stargate,0.0,21.48447447
30,Arbitrum,0x8c8596dffb87117406380abe38148e60071a4212fb780ddf63cb3baccb7d3c0c,Optimism,0x8e4a7844ca9b7b9b84857a0895f2b63da9009834c9633c459852f8b37504f1ac,0x5e611c6547dbfaf9f8b03855b08170e691282a40,2023-04-06 04:17:05,Stargate,0.0,5.93831321
31,Arbitrum,0x4e4366447e83cbcb316605b9cfaa6635ee653ca6f31471edcb95964d27d95ff8,Optimism,0x134cc17941cff27e77b61f2b7530016228a3c44251ba563df36873eba1116bd7,0x5e611c6547dbfaf9f8b03855b08170e691282a40,2023-07-09 21:50:43,Stargate,0.0,13.97993752
32,Arbitrum,0x409a02dff1b123df7472f18401a78e0b4e29a3a617bd957af0ac9c6e8bbfaeda,Optimism,0xb90cd2d39d776634e452396d1ca1db41691bcb4d74462c711638e9207720eed4,0x5e611c6547dbfaf9f8b03855b08170e691282a40,2023-07-20 20:07:58,Stargate,0.0,108.92983326
33,Arbitrum,0x49b27dfe1265bd53441ba958832653ce470648e5806cb76d430a8f993fe380ea,Optimism,0xc2f1538cf018eebd087343f54db1a6eb150a59713e6bf234a9efd5dd15a801d8,0x5e611c6547dbfaf9f8b03855b08170e691282a40,2023-08-27 11:29:22,Stargate,0.0,49.02079324
34,Arbitrum,0xc885db142ffabfc08ff3371855eeca9540edb4f0df16d9955bcf76efb52e390b,Optimism,0xe9d02fe2fa0c2bfe6749f9ee2cbf3be95d1694e4a5203735f6645abc91f19542,0x5e611c6547dbfaf9f8b03855b08170e691282a40,2023-12-17 12:26:09,Stargate,0.0,38.99056745
35,Arbitrum,0x8f69e40bc21e8b55e75139d22fec263e96b365a9fd0a0161f40cbccf56d52861,Optimism,0xe96ce6e73e6c41c16b472c446bd6ba4f68a118c5ace59ab973b68d98f29a04be,0x5e611c6547dbfaf9f8b03855b08170e691282a40,2024-02-25 11:01:22,Stargate,0.0,20.88768132
36,Arbitrum,0x371ce5068f030ae4a2126de3d458781ffe6b78fd6b91ad6d7ec3beae7234fde4,Optimism,0x5546f7dd5a1175be79ed8d01264dfc0e2ee8b5a293d62705001634f2000647d4,0x61f880d2614774bf239d7d4fb53ee91dd1f422d8,2023-04-06 04:42:27,Stargate,0.0,5.82374768
37,Arbitrum,0xad7cce8cfca6652f55e40ea68464308e86fa4825fe8ae4d99371edcf2280efb2,Optimism,0xf40d9d98c09889c06e22e9310e4593c7b035e977ae50c5048a6b9b4d7708bf3e,0x61f880d2614774bf239d7d4fb53ee91dd1f422d8,2023-07-09 21:51:37,Stargate,0.0,13.97993752
38,Arbitrum,0x8734954f43aab2f61e9e66e173556090ba241d84222c84cbeca79f003368dd6f,Optimism,0xbc75b567ca9b913c4017215b2e202cb299427399e2106d29cf515dffffc3a63f,0x61f880d2614774bf239d7d4fb53ee91dd1f422d8,2023-07-20 20:08:51,Stargate,0.0,97.25628107
39,Arbitrum,0x67a8ea523fbdf2036d2f7c4b9b15da245151b06d90359e4a47db715796528516,Optimism,0x6776c763c1726306353446b288cd76e2d56a3b181a0e26ce97b57169ac126aae,0x61f880d2614774bf239d7d4fb53ee91dd1f422d8,2023-08-27 11:31:01,Stargate,0.0,44.51455566
40,Arbitrum,0x7fdfd7525384e88d498831de3e41fe5aec3c20af0cdd979728a8f33e65695a0d,Optimism,0x254c6bc0fd632e12ca08c1b3b67f8c970002164ec5081cbfae1cc25da81f9039,0x61f880d2614774bf239d7d4fb53ee91dd1f422d8,2023-12-17 12:27:32,Stargate,0.0,34.48050182
41,Arbitrum,0x83d9c8fbac032b485207b55ad5683b68f4d3c8abd2fe469052a9f7c83668954b,Optimism,0xe4c124b82e060547b2446ea14ac4329d544cabcf669bf15ef8a11f35cdf01dfe,0x61f880d2614774bf239d7d4fb53ee91dd1f422d8,2024-02-25 11:02:17,Stargate,0.0,20.29088211
42,Arbitrum,0x9da6901e669aaa84ee83b55cfaefee4d53d4e67b3e4f81a420329e2d287999c3,Optimism,0xaa98e4b493226f357e23ce194b4588c27fd241785e6a8ce6c8ce0fb721a4d8f4,0x6a9bea733be7000827fef64f42c5969a953d1225,2023-04-06 04:41:00,Stargate,0.0,6.30110404
43,Arbitrum,0x964d5a50d3dcf94052da0a675df1914a30032772ce7fd1e44c7e52c472378cbe,Optimism,0x1e363977e30b345461980aa3177f144726f8e539294089fc77dd23854d49dd6b,0x6a9bea733be7000827fef64f42c5969a953d1225,2023-07-09 21:51:33,Stargate,0.0,13.97993752
44,Arbitrum,0x820e55fd2292644b1774a2761c89fb31285b69ef2de8cac0cd07a4aa78391eef,Optimism,0xbae96ff126ef2fc2d94df0b295995aa6c43651b3b40ad3e0b39fbf1f852bda9f,0x6a9bea733be7000827fef64f42c5969a953d1225,2023-07-20 20:08:48,Stargate,0.0,109.56947995
45,Arbitrum,0xc20c4c08309fb58e1809a6a08a1f9cc109c51137b76a11f38aa7a60de9124191,Optimism,0xd264f1b3ac5a0e3ead60a55188183f29710a8849a16bb6d8e05ca0347acca21d,0x6a9bea733be7000827fef64f42c5969a953d1225,2023-08-27 11:30:55,Stargate,0.0,50.88805187
46,Arbitrum,0xb15412d558734fb7bd657545047fa6dd6f0d34d0ae960d8b538e8d02731ff1b2,Optimism,0x58e2ba01265c823d30f27d761762c7f935ad2f854c3c2a3749a223f2106b4594,0x6a9bea733be7000827fef64f42c5969a953d1225,2023-12-17 12:27:25,Stargate,0.0,40.86059467
47,Arbitrum,0x8831083b996180e28eaab8ff369873426373b7708aed33ee209b8e3ccce4ac50,Optimism,0x1788c0601a63ef21530136d44e73d2670c5379df6182a13f3b2677e6dfa7bcd4,0x6a9bea733be7000827fef64f42c5969a953d1225,2024-02-25 11:02:13,Stargate,0.0,20.58927743
48,Arbitrum,0x144c9661c7b68b8df58991d49cb2a7e53b6e5b2e9d63feb6f72163c79d6db7cf,Optimism,0xbb1d64af77d4df2ca13b8e2d888a640d7e488cdb0a8d17380f4359c7e767886c,0x6d4bf9ceaa58ea8c545c4fecc58da0a7e65627e5,2023-04-06 04:31:36,Stargate,0.0,6.64480063
49,Arbitrum,0x858c9286a4953fd484d6b1b86b71da7978153c213d02b604961d37feb09aac26,Optimism,0xdd3d3c4aad685eda7cd37044608e3050dbe6152d1a6dfd925fe024cd4c149949,0x6d4bf9ceaa58ea8c545c4fecc58da0a7e65627e5,2023-07-09 21:51:18,Stargate,0.0,13.97993752
50,Arbitrum,0xc4e95e9415e6162f043230f84314928d58c087a25724e258fc466fe608db5400,Optimism,0x2199dc0e02d46c0cf891d5149a6ebec01b1c1f4e1f92ba3106a417d15b55986b,0x6d4bf9ceaa58ea8c545c4fecc58da0a7e65627e5,2023-07-20 20:08:31,Stargate,0.0,105.65164394
51,Arbitrum,0x0174c60b855a782fdfff96d6555997691e9c7ee1c522d192212080e11c8330d7,Optimism,0x90c262b918901a743ce79a417a94a2622e6bbb98fd25016de4517de1bcc9fc8d,0x6d4bf9ceaa58ea8c545c4fecc58da0a7e65627e5,2023-08-27 11:30:21,Stargate,0.0,47.54225282
52,Arbitrum,0x2be79d2bdc371bb76c00344f6a7058eb958bf3b2753b3926343c099837d0be70,Optimism,0x05d6a40f60a84cb12d6f4ea6ac1ecbaf4c210789d7e78c3fc84297c8495dd9e8,0x6d4bf9ceaa58ea8c545c4fecc58da0a7e65627e5,2023-12-17 12:26:57,Stargate,0.0,37.51054591
53,Arbitrum,0x6c9b5fa532f0e16f75a53a491df43c3ecd86140ebbfc4425cb5e354102da46a9,Optimism,0xa4addd45a8e03114935fdf26f03b61dab1351137c1993d450e94e34ee2397716,0x6d4bf9ceaa58ea8c545c4fecc58da0a7e65627e5,2024-02-25 11:01:52,Stargate,0.0,21.1860728
54,Arbitrum,0xa123ff624fa339f4899f3366e856e45f2ba43b8da803bf589f37db9f2ee11214,Optimism,0xbde160cd1251126c65157885231cb9489839dfc19d7abdcfdb93a094f2913d54,0x892254a671bc572b4f0d6717d5f513c435ef711d,2023-04-06 04:33:39,Stargate,0.0,6.64480063
55,Arbitrum,0xef7f4691b03efebad5f26bf8acd80d547168207bfa3026b4b66c923a5a3dac02,Optimism,0x20d792cb3b3ecd4c08eaf456bad03ef3d8197798cade21b7cfdf5b1c9c560853,0x892254a671bc572b4f0d6717d5f513c435ef711d,2023-07-09 21:51:21,Stargate,0.0,13.97993752
56,Arbitrum,0xcca65c459802116372e450004b5962498557e72b5f40db40fabd9374a24021d1,Optimism,0x5e0774f8b915e56dd6c1927ecd930da91b3a871d23e5640793332e39209f3f4e,0x892254a671bc572b4f0d6717d5f513c435ef711d,2023-07-20 20:08:36,Stargate,0.0,94.42784334
57,Arbitrum,0xdb79f18f6ea90d24d04fb7d3f30be8c00dfffb1a372fe13de04eaf5a2836ff6b,Optimism,0x2878a2019d6b5ed7e05531db83d99e936a7c62284fbbc85810a228806230b37c,0x892254a671bc572b4f0d6717d5f513c435ef711d,2023-08-27 11:30:28,Stargate,0.0,41.81799864
58,Arbitrum,0x4b973317aef3dde61d64d89d8ad06b561de927bc7916a9e853a13e3403d447ab,Optimism,0x0dbe3c684677dddff0f389221c826b2ee83be1238b8264f53f7bacc0af869dbe,0x892254a671bc572b4f0d6717d5f513c435ef711d,2023-12-17 12:27:01,Stargate,0.0,31.80046281
59,Arbitrum,0xe997b64cda596dae8c520843b951ab0bc34db83da3dd74151eadd934eaaae5f8,Optimism,0x20797ae07afecf926cd1cb796cf255a113d82bf9d135491395af2ab2698313dd,0x892254a671bc572b4f0d6717d5f513c435ef711d,2024-02-25 11:01:55,Stargate,0.0,20.88767725
60,Arbitrum,0xe794d270204fc42235225daa2f56617832ba80e060ed3366f8fa41cd484926e4,Optimism,0xbf9372065ac1bbfb903ae709541e7c9450808e2368b0a5457130150ae7877991,0x8d11ff99d1f0f186f6b2e598162b336506df7604,2023-04-06 04:29:47,Stargate,0.0,7.19853401
61,Arbitrum,0x40bb20d8759085628715e10acd16a8b6b7de1999213d2e42c4e9704be6db30fb,Optimism,0xc2cae247627cc30cb35d7512804e2d07429a2d217911765005e421f84a808906,0x8d11ff99d1f0f186f6b2e598162b336506df7604,2023-07-09 21:51:16,Stargate,0.0,13.97993752
62,Arbitrum,0xd48222df3bcd42d4e22f666763380d6f033760afc31111299b55b4bf2f46ce26,Optimism,0x4a6e14ffb48b79037b09afebbfd4539e9f3e78508e83a9561417db5436991117,0x8d11ff99d1f0f186f6b2e598162b336506df7604,2023-07-20 20:08:28,Stargate,0.0,105.58168259
63,Arbitrum,0x9a717a64f3f2e216558357c73de5e509b30999ba360243dc3b4ee9967281c75d,Optimism,0x1862eecb094eb1fe0f63a00a4c7c8b42839607417ac151cc2de4531b3e1fc8f5,0x8d11ff99d1f0f186f6b2e598162b336506df7604,2023-08-27 11:30:15,Stargate,0.0,47.6921046
64,Arbitrum,0x99f7b42089a7e7133c0fa0e2942b71f2fdd52dec530fd7470a04e3c57fc1634e,Optimism,0xff61613dfe4ccef91ff403e13816e9d401784ec5f93d1bbf5999aedc52ca25a3,0x8d11ff99d1f0f186f6b2e598162b336506df7604,2023-12-17 12:26:52,Stargate,0.0,37.6605481
65,Arbitrum,0x27bb77a49f2654f0d7f9961f0c0d16de7bbe633e96b6ad81f69d7e86120f7c46,Optimism,0xcf0773a5baeab8384f54e0c79a0bf3218580865c3d6899615e204d815ee74fb7,0x8d11ff99d1f0f186f6b2e598162b336506df7604,2024-02-25 11:01:48,Stargate,0.0,21.78286522
66,Arbitrum,0xe35021db490c4d173a9fb28d469016431bdd65939c646ce9c7f131922b15b194,Optimism,0xe768ea6321f0b4a43b97a23d9adbb495ea69492c309d8d2e029f237336da1aa6,0x904a12abf8ea7dfb43d1774701cfb9d475c48dd3,2023-04-06 04:26:43,Stargate,0.0,6.51114085
67,Arbitrum,0xa3b18e19989a0240ea59c66317db278513a48f9851a8f1839b80c0f6860a29c9,Optimism,0x8ea2d4661e5612fe16a71364513453d60b7851b4b145ea0945138aedb8505cd4,0x904a12abf8ea7dfb43d1774701cfb9d475c48dd3,2023-07-09 21:51:10,Stargate,0.0,13.97993752
68,Arbitrum,0x54289c1fd6ecfde333c12da5648fa6b9af8fae0f19454ca34d7af9111788462c,Optimism,0x9dab8209eaee2105edf0959cc610f89698195aecdfd299b2a939dd5b3b3789e4,0x904a12abf8ea7dfb43d1774701cfb9d475c48dd3,2023-07-20 20:08:20,Stargate,0.0,94.68769981
69,Arbitrum,0x2e73969985c6ec76b5843d2ac5d1ed3d40b8783dfe599bab2ba126c10c36b931,Optimism,0x02fdb05c0e8e9cc2c8fcfe568f99c673f84ef0b6590d35c50e65f5c2a4a3b63e,0x904a12abf8ea7dfb43d1774701cfb9d475c48dd3,2023-08-27 11:30:02,Stargate,0.0,42.9368854
70,Arbitrum,0x649d2a6f84b3c28f87f4e6b552d2bfc430fed67ca3a73dfb74ffa49bc8b5ddaf,Optimism,0x679dc74d5e09398e12a28f52257d22b5a926f511a95e631e059e688793439a5c,0x904a12abf8ea7dfb43d1774701cfb9d475c48dd3,2023-12-17 12:26:40,Stargate,0.0,32.90047882
71,Arbitrum,0x56aef78da73694e8df92cb21e243a0beaf81814747f4f033c6bfa43f2cc820fc,Optimism,0x4bd8778260b71375bebd83f61a348918a978dfc780babca2f6fe6aca567fa5f0,0x904a12abf8ea7dfb43d1774701cfb9d475c48dd3,2024-02-25 11:01:41,Stargate,0.0,21.18607439
72,Arbitrum,0x8af361bd04b229971fa7a4426f7172e66d30d960119a8a7b3ed05074a9190a07,Optimism,0x1a43b581ec9cbd22593929daf26e17d9cb2253d9df5873ff2d1e5c03ed21cef5,0x935041d6acfe09e52978158d802a0c6e907f9fe1,2023-04-06 04:35:19,Stargate,0.0,6.91212019
73,Arbitrum,0xa747ac436077fd46aa8bb577e0ab0c45378a7e3a8b6547ccb717bc8e9acb7922,Optimism,0x5cecd843811639973d8bb412606c002c65ae26f62f423d14671434d430a5b4bb,0x935041d6acfe09e52978158d802a0c6e907f9fe1,2023-07-09 21:51:24,Stargate,0.0,13.97993752
74,Arbitrum,0xf7cf52704cf060fe0ec49509c6a2c35d3ad36aeee540a71e86fcd917124edd89,Optimism,0x9f1804f1980fa8a9bd372146d25af7b4b9fa606d7534e03b5d668ee52cf6cdfa,0x935041d6acfe09e52978158d802a0c6e907f9fe1,2023-07-20 20:08:39,Stargate,0.0,96.97643564
75,Arbitrum,0x503a74176420bb4acb2afedadd7e842000b938c56f17b36a10b761c39d4a0b69,Optimism,0x8a25e11a9cc4226752e7061d882b99d8f85fea3fd98bf4940592d4668a91b8eb,0x935041d6acfe09e52978158d802a0c6e907f9fe1,2023-08-27 11:30:35,Stargate,0.0,42.95650476
76,Arbitrum,0x4dd1db4f501440e3657222076ab947f694d0e775d7fcf1910f9641f3eeed0314,Optimism,0xaa6fc86d711f95d582d41c548a7b6a2d31f960fcab708f9d73854bec948ffd3b,0x935041d6acfe09e52978158d802a0c6e907f9fe1,2023-12-17 12:27:06,Stargate,0.0,32.92047911
77,Arbitrum,0x193dfc1a1bf6baf4b2d4573e4897ccf26bcee875057377915c6e0d7bbe2b02da,Optimism,0x1973d1ea7803fe91a77476069a3709a1eb56f92ad281234a96c8d625ec5186fb,0x935041d6acfe09e52978158d802a0c6e907f9fe1,2024-02-25 11:01:59,Stargate,0.0,20.8876743
78,Arbitrum,0xfe096b20c48ec4b109b655502108e3aa21bf481d15fc93e806b06045c142b493,Optimism,0xc62dfbfe50188a9764f44cdf1fe84f34ab7124bdc3e6a76266777ca20cd5621d,0xae54299a952b12ef7cec069e7291cbaa21b34189,2023-04-06 04:18:32,Stargate,0.0,6.05287873
79,Arbitrum,0x24500742d262ee72ed94ca2c760ba9a67c75e38fe4edecb5e1d1c4692e670a91,Optimism,0x9ad5727eb62d41fd3159f5f80027b048ff0480574b24ae42ff40235cfab7377e,0xae54299a952b12ef7cec069e7291cbaa21b34189,2023-07-09 21:50:45,Stargate,0.0,13.97993752
80,Arbitrum,0x7073cead986bdc88655262da6b790f6500cdb4142d79e009ca1e01f4e35cf6cd,Optimism,0xb8b5f92a52f326beef67eb7a913792529aaa82004344f1151135dc472a01c4cc,0xae54299a952b12ef7cec069e7291cbaa21b34189,2023-07-20 20:08:02,Stargate,0.0,97.94590017
81,Arbitrum,0xa2a742e4bb5b5c948e3362f9e7106d7a045b5ab06fcb6b8c84e8d65e894eca7a,Optimism,0xa7cde8a5497425d6d222bdeb6064843fb22abc9e29ec627419d2a51348c73011,0xae54299a952b12ef7cec069e7291cbaa21b34189,2023-08-27 11:29:29,Stargate,0.0,43.36646636
82,Arbitrum,0x96dc79a4b9d558566ad3cd52607d411fd866e09b7e646e5293bbced50cb5d7ee,Optimism,0x451536b30ed6a884c2f9ab399cd735ae478bc2bf435e526e10141300e2a7001e,0xae54299a952b12ef7cec069e7291cbaa21b34189,2023-12-17 12:26:13,Stargate,0.0,33.34048522
83,Arbitrum,0x8c3cc5e122576f9e8f34c16e997e4e580c17bf4dfcbf7fd0006bef7af4af79b9,Optimism,0x9ab6c776cd15e6be3458a4af0b3ef8e234f0a9db0726316582aa6a93f249e308,0xae54299a952b12ef7cec069e7291cbaa21b34189,2024-02-25 11:01:25,Stargate,0.0,20.29088879
84,Arbitrum,0x37d33ab6e515736e6a6def01c5dd1824347f0fcd7f8f4b8fc7ae016800b3e28f,Optimism,0x67a0efc8b53d1b53a94f5f3fe9a7fdb81bf1ed2444fffa7961dee97acdd9ed9c,0xc34f3ce784b4576cdb9292ef3803be0f68bb9c63,2023-04-06 04:39:10,Stargate,0.0,7.10306274
85,Arbitrum,0x42c68831de41972b528a484b776df27889845ee5ddcf7195cffe78f5e81939db,Optimism,0xe729e7b53921b717c6603e0ac8a48a9b5c4983fb242e34033f97922a64b299cf,0xc34f3ce784b4576cdb9292ef3803be0f68bb9c63,2023-07-09 21:51:31,Stargate,0.0,13.97993752
86,Arbitrum,0x100c7aa04b32135e716d7c5562fbdf0a5e5c92fec2551ac58eec1d9f3a0521a3,Optimism,0x090efbfa8d8e9f7511e6357708036c5313519be078457fc91660e963b5499ce7,0xc34f3ce784b4576cdb9292ef3803be0f68bb9c63,2023-07-20 20:08:45,Stargate,0.0,101.57389626
87,Arbitrum,0xd3fbf990d1358b164bef851efb860ba02f4e2b2574e94b8703ed7ea579fbe665,Optimism,0x0cd7c74008e264de917ca1c67b3b6d24f26733f03a77b6254ef1464f943704b0,0xc34f3ce784b4576cdb9292ef3803be0f68bb9c63,2023-08-27 11:30:47,Stargate,0.0,47.09231147
88,Arbitrum,0x12d9c41e7017e92905a4ceec5d847c72880c9e44769bbe3adbb460172a06e3a1,Optimism,0x1c4d6f9d6111de75400a3ae7a32dad01a067f0adc3c8e7fed863ce972587106e,0xc34f3ce784b4576cdb9292ef3803be0f68bb9c63,2023-12-17 12:27:16,Stargate,0.0,37.07053951
89,Arbitrum,0x151a4ed4dd0cbe1973ac1844e81adba4a917ef1ad8cf585a4cfd3c9de2f78246,Optimism,0x16e76c423bdfb812ab9794bdbcad67b4c1c9c838f3eb472e69a678c9f96e5951,0xc34f3ce784b4576cdb9292ef3803be0f68bb9c63,2024-02-25 11:02:10,Stargate,0.0,21.18606965
90,Arbitrum,0x3b511e1f446d5f188c4d0f0deaafcc252056ead89706d91952c2b4c75867e7ad,Optimism,0x19aa4964a2cb2c513870f0fc1e464fe7174fcd94d885f2296d7aa9559a6ce16d,0xccdbfed9eb0aeb70de93dab99a7adedb6b811ecb,2023-04-06 04:23:32,Stargate,0.0,6.3201983
91,Arbitrum,0x6f0da1b15b6106efd5f44416be8b612273165b095134360a0c578e4f41aa7229,Optimism,0xba53a00eca4cd4356204004657a586b648689d399381d9fb12aecee736deaed0,0xccdbfed9eb0aeb70de93dab99a7adedb6b811ecb,2023-07-09 21:50:53,Stargate,0.0,13.97993752
92,Arbitrum,0x00e76b0be7434b91202b30f06631db19dec0d95c9630eb3d28a06849702acd34,Optimism,0x75ddb26b64bb23fc9601af892dd18c0e13434f60c50500d8a2f5847205ce875f,0xccdbfed9eb0aeb70de93dab99a7adedb6b811ecb,2023-07-20 20:08:13,Stargate,0.0,103.10305164
93,Arbitrum,0xeb574d77206dcef366141c7c500f05a87cf417d4fa467e427826226879ca7778,Optimism,0x55d6ce484ce9b051f3d59155fa1b5a18df64efb38e76a4f4963385486065a68f,0xccdbfed9eb0aeb70de93dab99a7adedb6b811ecb,2023-08-27 11:29:49,Stargate,0.0,47.552256
94,Arbitrum,0x1dc14c62c222d35fa39e3db9d8cc6fed2e77c50f2f420804edbf986d6b5163ce,Optimism,0x10eec8c6e56da1f53be9baf9267cfb68643c66223f6eb3627187a36ec3fe9ea2,0xccdbfed9eb0aeb70de93dab99a7adedb6b811ecb,2023-12-17 12:26:30,Stargate,0.0,37.52054606
95,Arbitrum,0xce8f81f4772b8a20d38f8cf5259b0b9be1eb32ccb92bd16c0e8661ec7e875be6,Optimism,0x603456024659221b85b2759f8524429c9ce15f81cdcee7150ac666298299c810,0xccdbfed9eb0aeb70de93dab99a7adedb6b811ecb,2024-02-25 11:01:35,Stargate,0.0,20.58928413
96,Arbitrum,0x7db7337ef5b4a42c606dade885874ea836cd050a2ee2e7e638ce1bbd05abc724,Optimism,0x3a59f1365a51500bdcbaf192d532892b765ffe79de4fefc6f51e44ab61f909f1,0xced99590cedb991e1880edcc45fa2a8d9d5465fa,2023-04-06 04:20:26,Stargate,0.0,7.5422306
97,Arbitrum,0xd096c02cde6b2169c5a3b832f8a23510d3b690228f6c7d64c207f4d2f9d9e828,Optimism,0xd5d12cc72e9dd2dce1adf0b99e47d86b0432379224ffe86c1a5f87e0cc82b4a9,0xced99590cedb991e1880edcc45fa2a8d9d5465fa,2023-07-09 21:50:48,Stargate,0.0,13.97993752
98,Arbitrum,0x388bc62a7a9a7e137f469b6d23f7dd59397650836d0963adb3a81b8dbdb9d51f,Optimism,0x9ec160c2c67c01eadb2533dfb7eb2166c834ec1adcbf489de79bcadb5e8d83ca,0xced99590cedb991e1880edcc45fa2a8d9d5465fa,2023-07-20 20:08:05,Stargate,0.0,106.55114711
99,Arbitrum,0x0414b192a1099217c2a1a2aee14b034e054250f8a4f195a47b27376ffe5e1630,Optimism,0xa0a2f8952bce503eb5a95f0a171d2482b93cb8e0831a505ab583e3b24091dcb6,0xced99590cedb991e1880edcc45fa2a8d9d5465fa,2023-08-27 11:29:36,Stargate,0.0,47.51230226
100,Arbitrum,0x44b082e5839ba229e3d59f76e87d74a3c80ac10f4a42791e1344f0272f2b5157,Optimism,0x2c7745d98028562a51200fe2dc3dda7faf9c9d5b617a3dd85f3737820bccc026,0xced99590cedb991e1880edcc45fa2a8d9d5465fa,2023-12-17 12:26:19,Stargate,0.0,37.48054548
101,Arbitrum,0x5595d05b1643b1d8b13b1ef21aa021f5c4dfffbbaed6ede52dec2dfb073ce1c1,Optimism,0xee4d26fbf10ad485df047c4d459299780eae90521783cddc699060fffe21e0c4,0xced99590cedb991e1880edcc45fa2a8d9d5465fa,2024-02-25 11:01:28,Stargate,0.0,21.78286582
102,Arbitrum,0x02769103b1ec52aadd0922d574afe65dae10b6dc792eb1c863e69d328229c376,Optimism,0xcbde924ece493b0d643e273098a1e0fad80960e07f2bc7c38b405b520a408e59,0xd1ff4cf8f0528e3b5348f2c5870a3e58b08aecac,2023-04-06 04:28:19,Stargate,0.0,6.41566957
103,Arbitrum,0x9c9c9f4b1d4c428759fe2547d153fba6b2bc867a94831d028b0dd69f0e3f3081,Optimism,0xf7618e2466eefe26c54e6cd31201710a357653b1a4a91692cac63cfdbc691d13,0xd1ff4cf8f0528e3b5348f2c5870a3e58b08aecac,2023-07-09 21:51:12,Stargate,0.0,13.97993752
104,Arbitrum,0xa7b49509a980e42cb8005d22cb5f2e1a1c12b9e03f4c449325e86fbab8eadf6a,Optimism,0x552e461866abb275d27b209aaa3c8c1f7f202d9d9a977ad87000c8e8771a325f,0xd1ff4cf8f0528e3b5348f2c5870a3e58b08aecac,2023-07-20 20:08:24,Stargate,0.0,99.92480713
105,Arbitrum,0xc23012474ceaf5c3c821c00e6686883f8b70b14314e3c727179483d056d58108,Optimism,0xa2b8776bda5e711b2b9bec4454a56680db4da9a5097d9043bbd79d62aeff5227,0xd1ff4cf8f0528e3b5348f2c5870a3e58b08aecac,2023-08-27 11:30:08,Stargate,0.0,45.26454557
106,Arbitrum,0x660734ee53f2b1309f998af641e712502dc5b1fc4253e450803a6f565259c33b,Optimism,0xf6d2d11328dfa83e8298c2394fcacf9c5dad642ff70ca15aa443255871b46665,0xd1ff4cf8f0528e3b5348f2c5870a3e58b08aecac,2023-12-17 12:26:46,Stargate,0.0,35.23051273
107,Arbitrum,0x8d8d4de8b90e6112956128fbb53e8594d01a4e9af6e8fc1944fd275f6ce4967d,Optimism,0xd9a8c9997378ec0c731170c9c48fdd0b085e3b0ab4f0e7813d04a59f7977e69a,0xd1ff4cf8f0528e3b5348f2c5870a3e58b08aecac,2024-02-25 11:01:45,Stargate,0.0,20.88767897
108,Arbitrum,0xfbe9819dd6a5ae183506ebe68e3b57a4d64dce8db15af2adcc8a21a33c1e079d,Optimism,0xc19b33194c2f30d370e8c87b035d408302305a32a2c3fd871e115e67b935dcd0,0xd57f4a4eaa44c1d9d008429fed8bd1925dbf774c,2023-04-06 04:25:03,Stargate,0.0,7.52313634
109,Arbitrum,0xa9e07ff1fabfa62769d906b9477d0ec0c412b287a65f7483d945441a4cdab166,Optimism,0x300e516a9433caf43980f3dd6b2bfa9895d805c2a373134e7240e2cbee35e368,0xd57f4a4eaa44c1d9d008429fed8bd1925dbf774c,2023-07-09 21:51:07,Stargate,0.0,13.97993752
110,Arbitrum,0x5272e8fc00624776aa5dcc58bda47e03151d23e5662d851a613c8698ba6f7f3b,Optimism,0xc4308f75644513ea3632f1e56dc09e1be6d3dd37d0c58a1055b73407f926cf47,0xd57f4a4eaa44c1d9d008429fed8bd1925dbf774c,2023-07-20 20:08:17,Stargate,0.0,109.1996842
111,Arbitrum,0x6d18ffcfd61a19c148d5002ff4885b1faf985bea1e1b268a9c93daca523ef8c0,Optimism,0x5e8bc0582a8b74d6d30af9e0d0dcc78f6050020bc28e6b35dc25415505fd4a5f,0xd57f4a4eaa44c1d9d008429fed8bd1925dbf774c,2023-08-27 11:29:55,Stargate,0.0,50.32946451
112,Arbitrum,0xeb8bf502e93b418afa6ee701b23ee38678eaf9eae5a125e3d90ce4b662e79b19,Optimism,0xf35a3b7cce623e0aa55aa0f9a3213c85bb65eb1ee550653473eaa2d165bd328a,0xd57f4a4eaa44c1d9d008429fed8bd1925dbf774c,2023-12-17 12:26:35,Stargate,0.0,40.30058652
113,Arbitrum,0x0d0c3164f43476026a7e6d5551c58f139b9731958a003c848f22396516dd8815,Optimism,0xda8fbe32f8a533a7abd5b06dbfdd619fdf0e5059e32df6f498ff0900937f3565,0xd57f4a4eaa44c1d9d008429fed8bd1925dbf774c,2024-02-25 11:01:38,Stargate,0.0,22.08126063
114,Arbitrum,0xe14039858c2cd0388731bbd158e9f96a53e0a57c6208383de079b9a768404cea,Optimism,0x0cf9e932a5ac6a31ff8b106b64cebaf83fbd380c68b31a36d1628d33d4ec62c3,0xd9b126ff79cc36288fa192129f65351d71104255,2023-04-06 04:14:40,Stargate,0.0,6.51114085
115,Arbitrum,0xcec797d3536ad5997c7a018e57db8ccf2cd7baf4503ad0c02758d0ad74be9b3b,Optimism,0x1561e72f87eb7860cb3f5049eae2d29e328d0bc7cfc33bb506489f4b8508824e,0xd9b126ff79cc36288fa192129f65351d71104255,2023-07-09 21:50:38,Stargate,0.0,13.97993752
116,Arbitrum,0x97d1a36e0d9496d7ee5e314809a502d353d4d174006d7bb3a4bc3bffa77fe7f9,Optimism,0xb4b8be801a9d11b57b4be231f8495fc82aba98b7ae2602f0d90a8f05907ac156,0xd9b126ff79cc36288fa192129f65351d71104255,2023-07-20 20:07:50,Stargate,0.0,117.16528445
117,Arbitrum,0x42b937fc459fdc20339bce3438a78ce6b71e91b00c7f08a6637134d4d5291192,Optimism,0x26adedd09e2795df110e832ca5962f16ffa60ae071fe11f6ef51c8e9554d9e69,0xd9b126ff79cc36288fa192129f65351d71104255,2023-08-27 11:29:07,Stargate,0.0,53.37642803
118,Arbitrum,0x88ea8509d43dc25af07ba02eee6846656a02d41814f1ef4765fc34a164b75c7d,Optimism,0x16f929cad45e0583afa54312f0dda91f85c567973e26d2fa94c54512560a932b,0xd9b126ff79cc36288fa192129f65351d71104255,2023-12-17 12:25:59,Stargate,0.0,43.35063091
119,Arbitrum,0x16389d6a71bcb8e2d69ce66772f25f506a7792d8893fc615f4fdb00f4c21fe01,Optimism,0xcf658e64250a4581634598a1dfe13123cf17db9d9f231bd8be26cc8cf12176cc,0xd9b126ff79cc36288fa192129f65351d71104255,2024-02-25 11:01:15,Stargate,0.0,20.88768132
120,Arbitrum,0xf7017547ad900f995aad3ff990afbc6541f791f29bc1bf68964abe63f9aaa3cd,Polygon,0x98c08ad5e24e5b62bb9f27e5319e5b71a2a12ea3ec098f51b75b82388a720278,0x1f11e89ed9f771e8628414c842fc0475dbd30a14,2023-07-24 23:20:30,Stargate,0.0,9987.77103706
121,Arbitrum,0xe94fcc984c773f28ba0aba49befa35d824ae1451f821502db48a4fd74442c0ba,Polygon,0x94cac12dc7eca73364046ac6334c2e57034168c0841194addb606b9a83720a14,0x2e6c56ca462e0579b3d02c55f1a6a5437862dc43,2023-07-25 00:05:00,Stargate,0.0,9990.96337093
122,Arbitrum,0x3a3deb4c796bc4c72c351d2bca85fe8ae85ad19cb67eab0a6a0624bc45d600d4,Polygon,0x206377cccc4d270f1657c75e4965786f8cae0df4d8e31528006dc3b2288f5c41,0x3ef64ea7054179a7b541393e01e7f86bc121edc5,2023-07-25 03:19:31,Stargate,0.0,9990.17327808
123,Arbitrum,0x837e8169dd3e147a09061ad9c6520d4e5073cd0fc5b550c7d6425c4b649392fa,Polygon,0xa0f85818f195d9c441ea31965cb6e427907039b46609f5f5a2e4a261f3a06fd9,0x4f80851f7d0754562e626cfa76823ebe01ec6781,2023-07-25 01:06:18,Stargate,0.0,9993.88442817
124,Arbitrum,0x954943cc5cdff296017ced8fa7ca0d8b59eda2ce4007038f2949a4d8dfd2bae0,Polygon,0x99d5e6fe41727f5c5220e3b040a654a12514e433fc5912533f0333b626a1876d,0x54b2fb6a7d57f53944c822919dcf4d942478aa88,2023-07-24 23:35:03,Stargate,0.0,9987.38132269
125,Arbitrum,0x271fa83e612fe84d7c70e77c476b251ee49037a238da7cb35930372c34d1ff6f,Polygon,0x1853b3530d21d709e884a1a42e0d16ac7312ca9ecda64038b7fe5d21867595ea,0x5e611c6547dbfaf9f8b03855b08170e691282a40,2023-07-25 00:19:55,Stargate,0.0,9990.66327687
126,Arbitrum,0x53875d8b8a6857719c5bf9b68a783f73cce93d99b7126dd45b8a65c957935d23,Polygon,0x93c0ff160465061ccdaaa5e9942a8f15314f926728063242202510b0171305fc,0x61f880d2614774bf239d7d4fb53ee91dd1f422d8,2023-07-25 04:02:36,Stargate,0.0,9993.28708441
127,Arbitrum,0x44a463054066eeeba6ee1244ac9fcedb643157a8eb07465cb25b4d93b0cfa1bb,Polygon,0x1cd90e315a27e1228a2c96885d9229f6c3468c3b8cb141a0d81c5a9d1ea88814,0x6a9bea733be7000827fef64f42c5969a953d1225,2023-07-25 03:48:27,Stargate,0.0,9993.7686691
128,Arbitrum,0x791916bc8c56f1f2dc468ea06c6d71cdbcf8dd38ea1acac38de075914d7464f2,Polygon,0x4605080f0b85f381fae5188ba0ea6954aaa2478130f8fb888238dcea4307d95b,0x6d4bf9ceaa58ea8c545c4fecc58da0a7e65627e5,2023-07-25 02:34:49,Stargate,0.0,9990.97977907
129,Arbitrum,0x156e13bf4aa2cc1d86754d9cf9be7b89819ebde154c61dec11a1e1769c1ab094,Polygon,0x7d234467e0eb9fc21da430302af90352c1d0c09eade90f8be4813d2afde958fd,0x892254a671bc572b4f0d6717d5f513c435ef711d,2023-07-25 02:49:46,Stargate,0.0,9990.71262029
130,Arbitrum,0x737fc8cc5ca3c6cdd6309259551446a1e49dc69c1928fe8f98d5f0368e0c775e,Polygon,0x483fea1d7871ebc6b74ff069e99fc94b02f152f736984b1a163e22fa9ec97877,0x8d11ff99d1f0f186f6b2e598162b336506df7604,2023-07-25 02:19:50,Stargate,0.0,9991.3380487
131,Arbitrum,0x2a942e14bc576e29279a1c0c5a7cde3bdb64291fd50b66036b835080e0802219,Polygon,0xd676475204de6409951a6eef6b5447fb28ec66b0fb765f31286f9366bc33ae4d,0x904a12abf8ea7dfb43d1774701cfb9d475c48dd3,2023-07-25 01:50:34,Stargate,0.0,9992.69556141
132,Arbitrum,0xcf2ab5bc817c0260697979faea42997e3f4141589a571b9c7c62ba3b4b718759,Polygon,0xdb38587afa440d8b0f7741780aef8c7cca3fd4cac161274f177851435ac633fe,0x935041d6acfe09e52978158d802a0c6e907f9fe1,2023-07-25 03:04:07,Stargate,0.0,9990.44512847
133,Arbitrum,0x33ec60bae177581692314ceeedca5123055e4cd68807b182ace610672c7f4148,Polygon,0x9c6ad9d3e43e543f5d04f9ac193d0b1a5b32d61b2db8537f48d19ac0b3b3fbfb,0xae54299a952b12ef7cec069e7291cbaa21b34189,2023-07-25 00:35:21,Stargate,0.0,9990.29828736
134,Arbitrum,0x9c058abacd8021ba5ee4ef58254e2501f995d8967cf21e27eb2ef0e377052fe0,Polygon,0x015efe33bd37731669b42a79afe2a25768a4300262dba32de879aed5daa33fcf,0xc34f3ce784b4576cdb9292ef3803be0f68bb9c63,2023-07-25 03:34:01,Stargate,0.0,9994.15471035
135,Arbitrum,0x586afc00a850328c5c7f2bfee2dc65514f4f51f9d6d2a3ad76336fd812486d5e,Polygon,0xd705674fba6e3de89e4520aefd540b1d0ed30e90f06eff389efe751894652f4e,0xccdbfed9eb0aeb70de93dab99a7adedb6b811ecb,2023-07-25 01:20:54,Stargate,0.0,9993.53585979
136,Arbitrum,0xc90e9c08427c3a266e8dd225be937620c212bcdbf4fc88ae6eb0fae4a9f06963,Polygon,0x30cef4988ba933e9f3a2c0bc3c703faae21a14cdd8e95fd583fd385481df3527,0xced99590cedb991e1880edcc45fa2a8d9d5465fa,2023-07-25 00:50:38,Stargate,0.0,9990.00323495
137,Arbitrum,0x973af4da3c6fac7738bf60798f7030ec937f263bd81113e13375f13ded2d8a6a,Polygon,0x3ffbcb06fed97094d97cc2e2e0ea02de837bcbf6524cf6656b28ce46712a88e5,0xd1ff4cf8f0528e3b5348f2c5870a3e58b08aecac,2023-07-25 02:05:10,Stargate,0.0,9992.11497084
138,Arbitrum,0xfe7cd9632efdfac855ef1b2ae91f57c2cb33ab8516024461d6619c67e3be0847,Polygon,0xeda7055cf670099d28c23d5c51a94d362e579a57e2f72d3f925d08b7de423bb9,0xd57f4a4eaa44c1d9d008429fed8bd1925dbf774c,2023-07-25 01:36:07,Stargate,0.0,9993.00726799
139,Arbitrum,0xcd433c92e1b416b7d3f60a4f3b38a821232afc3ff88655d43b79921d1ac37d40,Polygon,0xc345df70a0ef66919c9bf7742f1eb0d42731d7043339c978a6981045fc90a49a,0xd9b126ff79cc36288fa192129f65351d71104255,2023-07-24 23:50:27,Stargate,0.0,9986.95112413
140,Base,0xd77ef3e831115c25f1757036f8a3220133f9056c54d5bb79c2ed8bde47b062a7,Arbitrum,0x3df79070a0d9896bf6b3e1b22fd5ae8c6e7d60690031eaa4a67748fb48725693,0x1f11e89ed9f771e8628414c842fc0475dbd30a14,2024-02-19 10:23:55,Stargate,0.0,15.19843188
141,Base,0xd388f0ba819b63c5b4af3345d27291c2478d7e5a7fc4102049b367abbacf570a,Arbitrum,0xeb1a6a501e38ff1f8c66ed738756a3f728249bee45c56747c530f445be390804,0x2e6c56ca462e0579b3d02c55f1a6a5437862dc43,2024-02-19 10:24:07,Stargate,0.0,6.59554538
142,Base,0x256991ed89f2ced007025a6af7a2d48210e62fdfff2fa7edf899ac9381a84dbe,Arbitrum,0xccb0a5626ce5b97116efe93e536c2facf919786bf871f47b8e7327007d370581,0x3ef64ea7054179a7b541393e01e7f86bc121edc5,2024-02-19 10:25:13,Stargate,0.0,15.48518133
143,Base,0x2eed078b7e3c62e5a776a7a0739233b4495b7c962c93a64345afd5c6598c65ea,Arbitrum,0xa7ea4f3c03941b792cd7e6220cd3586500b34d6a0dc474b5a0711280cdb30f40,0x4f80851f7d0754562e626cfa76823ebe01ec6781,2024-02-19 10:24:23,Stargate,0.0,15.77195378
144,Base,0x79b0e5ff937273f4f950379f305af71886dbbdf00ff0052ef5c67fed06dd296b,Arbitrum,0x6de4f19f88ac6cf7e1f1bf665b51d2f694820e9259d81ecc4f64915e11676db4,0x54b2fb6a7d57f53944c822919dcf4d942478aa88,2024-02-19 10:23:59,Stargate,0.0,15.77195715
145,Base,0x41facf139a1122270d3a0eaf8443d37e7287347b19d32190257dbad3feda4b4a,Arbitrum,0x097958b479204823788b471e96a16b01f71eafe3161614609c320faa68d25501,0x5e611c6547dbfaf9f8b03855b08170e691282a40,2024-02-19 10:24:11,Stargate,0.0,15.19843019
146,Base,0xe3134db1e01e0cfac52c67bca3ffd8aa9805b109569e04ca382ea70a32472b79,Arbitrum,0x5864ce0c5d7091bdfd77edb1388c510c4e371f0f5e844920324dc39ee4118a29,0x61f880d2614774bf239d7d4fb53ee91dd1f422d8,2024-02-19 10:25:25,Stargate,0.0,14.62484139
147,Base,0x4dce6a15eb91ae57ebd29e5172a75454b2a0a36d988af40f0480fb29c1c61578,Arbitrum,0x39ce02817601eae5ccd6138e975ca0809281e26b32bc30e0992287bc98b5263e,0x6a9bea733be7000827fef64f42c5969a953d1225,2024-02-19 10:25:21,Stargate,0.0,14.9116034
148,Base,0x6e701668feee9b2481240fbcee0cc20f1c40ec45d9a769991021e092dae8ab3b,Arbitrum,0x65fd6f5447dda572aed6d830ea5452def60061579f3eebac0c189c683fdcd349,0x6d4bf9ceaa58ea8c545c4fecc58da0a7e65627e5,2024-02-19 10:24:57,Stargate,0.0,15.48518268
149,Base,0x7db63f8af234794f300ba8a04b30f40ade31d4e63b8ca953e5a86fef2d66e8c6,Arbitrum,0xe41b9249ba1eb82d5f3da1e6571a25e85fcaf019cb4564c647437269ef46d21e,0x892254a671bc572b4f0d6717d5f513c435ef711d,2024-02-19 10:25:05,Stargate,0.0,15.1984196
150,Base,0x7284b38851a89c9fd5ed7090ed45ac36b0ce76877bb991be017d2bd17523ec4c,Arbitrum,0x014050aefed507f90d3b039239e25a3476e133a827d022ac312f70c6034e8d2d,0x8d11ff99d1f0f186f6b2e598162b336506df7604,2024-02-19 10:24:49,Stargate,0.0,16.05870845
151,Base,0x2ed58570a72f17e5efeda0049c31046a101b4bf57eb1e01e6fd25d5f169c011b,Arbitrum,0xa572beb10f38c0987c539ca99d809dc40e21c1f6a2d9a0b13fcea22880e176e1,0x904a12abf8ea7dfb43d1774701cfb9d475c48dd3,2024-02-19 10:24:35,Stargate,0.0,15.48518453
152,Base,0xe9b7a20796d80cebe495087bfd37037dd662383dea7490719ba6b2e54a6e4684,Arbitrum,0x026631f1c6122d42708873c178cea5cfcd22b45fb05b3e1d122df816ef2d9001,0x935041d6acfe09e52978158d802a0c6e907f9fe1,2024-02-19 10:25:09,Stargate,0.0,15.19841916
153,Base,0x9f5bebce63014a2ad002a2729a53d20c058a348be75d5118bd5be00f9a9e2179,Arbitrum,0xe2309ae52c9d67de6f01dc7ff3efba16b9bc77abd3da40ce67178cc16348ed7a,0xae54299a952b12ef7cec069e7291cbaa21b34189,2024-02-19 10:24:15,Stargate,0.0,14.6249041
154,Base,0x2156e8931fb396aac45a3a519fa73f6302478c50a6a61e6d00d001a1fc8404af,Arbitrum,0x75dfa78adabc3d013907c5cdcd42d05e0c63d91eb169583e4a87f066c96de450,0xc34f3ce784b4576cdb9292ef3803be0f68bb9c63,2024-02-19 10:25:17,Stargate,0.0,15.48517835
155,Base,0xe43cfc90f0727c78a0e73e487d2febad45ebec9b70d11d38eba7651ca97f9330,Arbitrum,0x593ac2b166e7a3c3adb0ad203a0379cfa03c0c93f23eea2b132af2753f2b70e0,0xccdbfed9eb0aeb70de93dab99a7adedb6b811ecb,2024-02-19 10:24:27,Stargate,0.0,14.91166496
156,Base,0x6055fb2d57e8333aa808c6994385da53194b394f9ab456837d10ba978e324c95,Arbitrum,0x5de7cc05bfdaa90cf93a674d013cca5d9c58484dc2ac248c633d4dda7cbd8698,0xced99590cedb991e1880edcc45fa2a8d9d5465fa,2024-02-19 10:24:19,Stargate,0.0,16.05871776
157,Base,0xf8c9ad45c8ca42fe77116421df80c18d8b104bfab75c905b9e2372f4e42b38f0,Arbitrum,0x93333583abc9d006eebe629f1e3710c2225d9a7d5f666ed260f81232e0092ff6,0xd1ff4cf8f0528e3b5348f2c5870a3e58b08aecac,2024-02-19 10:24:41,Stargate,0.0,15.19842095
158,Base,0x75fa4be18cd8158abbef234b54ba541141a53c02acb87ff3836bac9f9e728d02,Arbitrum,0x74c1395fabb79478717e485e38697589d59fc3e26c58b4168ec4965b8288146d,0xd57f4a4eaa44c1d9d008429fed8bd1925dbf774c,2024-02-19 10:24:31,Stargate,0.0,16.34547305
159,Base,0xadce44614dd16ea1ccf77dda46686f5d416601e5b8f2c443cc8d04e9245163e8,Arbitrum,0xf779650020c4383f461b7918da4d6a4b112efed3d2dc87c4d997652949d1550f,0xd9b126ff79cc36288fa192129f65351d71104255,2024-02-19 10:24:03,Stargate,0.0,15.19843098
160,Optimism,0x6fb4c0291ebf6cb4b7f8d46bfb24459cb1f6753147c794e24fef314682e26565,,0xe63213160a8ddf0bf49d856803c7d4e5d61c8c68bf404ca2ac597b78e3a56e45,0x1f11e89ed9f771e8628414c842fc0475dbd30a14,2024-03-17 10:34:17,Aptos Bridge,0.0,0.0
161,Optimism,0x6fcdcbab6754106c67b96a150e5fa6976f25b6ece0ffd0f5733d5ca6a82efea3,,0x19a80b13131e1e91e364ed4443619fe8749c9e5c3595266a2e40f694bf3d4825,0x2e6c56ca462e0579b3d02c55f1a6a5437862dc43,2024-03-17 10:58:15,Aptos Bridge,0.0,0.0
162,Optimism,0x4a175689f8eea47a24dcf54f10d4dd6735715e34b2231491b4c981d219fe79df,,0x06240660fb0d77cc3c1806ad0672c0b9bdd1d7e1c6ab10aa16f2f20416fa70d2,0x3ef64ea7054179a7b541393e01e7f86bc121edc5,2024-03-17 16:35:09,Aptos Bridge,0.0,0.0
163,Optimism,0x627c011cc9c4fec9dc69f54f5f109d45c6d70231fa0307ec31f0ed7370ecf820,,0x58ba907c78c2a22c0c2504fa7a643aad2c38605975b37feeda23e2ff13f22967,0x4f80851f7d0754562e626cfa76823ebe01ec6781,2024-03-17 11:31:31,Aptos Bridge,0.0,0.0
164,Optimism,0xea661f9c7d916ee6630ed871c9538c4f897ed77649e766d9004b4173aafe2282,,0x57e4111baa4697f2fe7994f2aaab189883bd013af004e1ebb04746ac9d1a8d81,0x54b2fb6a7d57f53944c822919dcf4d942478aa88,2024-03-17 10:42:11,Aptos Bridge,0.0,0.0
165,Optimism,0x44caa8f481e3a053b09440768d78c2b3200e60354258e450932100e5befaf492,,0x4344cd4b037c5c9b73b5f0dfd4ad5df1cae2578d700584f18e10a066af8bda41,0x5e611c6547dbfaf9f8b03855b08170e691282a40,2024-03-17 11:07:09,Aptos Bridge,0.0,0.0
166,Optimism,0x9071df78c79eb07197af99cd8ba2c228de8713af7685919bc76f5a24ac1d9704,,0xa52e08dba8d84c9930ea98e60c9e0a1a5988911cca56334f77d245ebe897df8f,0x61f880d2614774bf239d7d4fb53ee91dd1f422d8,2024-03-17 16:58:55,Aptos Bridge,0.0,0.0
167,Optimism,0x2f54884493a6959210a53e25d8788684d8c7ed63695b0dfbd5e93296a0d757e8,,0x851d103a6dafcb6e34953fd5d7c10ae84f2a23d67518141b782a985275e4d200,0x6a9bea733be7000827fef64f42c5969a953d1225,2024-03-17 16:50:53,Aptos Bridge,0.0,0.0
168,Optimism,0xdf4ca7d71aaef9453e76641dc4db46d0d08bbe979e92b542b073116a77f84e79,,0xacd470e1b8ac6d7d546d59b7d3d4f422be1918030a1daf9976abf02b4d19d578,0x6d4bf9ceaa58ea8c545c4fecc58da0a7e65627e5,2024-03-17 12:25:59,Aptos Bridge,0.0,0.0
169,Optimism,0x0caa1f4526959f81e5caa10ec7449cee4ad171096a9ce65c51d765d99d7e2afb,,0x01f4fdddbbaf5e66612c9f1b6ef3fce5f0e0d1a7d9d230117d78a01deb9fd0b9,0x892254a671bc572b4f0d6717d5f513c435ef711d,2024-03-17 12:34:15,Aptos Bridge,0.0,0.0
170,Optimism,0x5cc53cf505da2606e8c9cfb9eb87d3f19ec8d3dfa9759d2bf1e4a28e5ca35428,,0x7dbf79b1e744c8b9e7f4acbc989df7d40ca2353c06cae9cf2baf31191b07f299,0x8d11ff99d1f0f186f6b2e598162b336506df7604,2024-03-17 12:16:31,Aptos Bridge,0.0,0.0
171,Optimism,0x2dee5064cdb33a1690b521617357b6b59220ee4fb7bc00074b44fef05f3eb799,,0x8778aec3a51efb9b341863a2cbe6e4eca14151d5bad7579b8570a1d39f1fbaf7,0x904a12abf8ea7dfb43d1774701cfb9d475c48dd3,2024-03-17 11:58:17,Aptos Bridge,0.0,0.0
172,Optimism,0x0fba3df3d91f813df1a649331740eb9872e21874ff16fe39b484c3d2d97d168d,,0x8ca244fbc1e323c09fccc76de7a25a78fcb065b204ba5a7337a1c8860b8db3af,0x935041d6acfe09e52978158d802a0c6e907f9fe1,2024-03-17 13:35:59,Aptos Bridge,0.0,0.0
173,Optimism,0x052bc131bdeea07db624524a7294a950de236c20b9c5ea8802e2ad127add1b7f,,0xcd1b337e6341bc12ff5278d0dc978a6d1469c97981cff00f4ae895840fc3d3c7,0xae54299a952b12ef7cec069e7291cbaa21b34189,2024-03-17 11:14:57,Aptos Bridge,0.0,0.0
174,Optimism,0x5424b5207ec8f191bf89c7d410c048277f743dfb1406a1e58e695837c06cba0c,,0x15907288e02499d7a79fa5169ed850ad41a16c494dc61f5cd1eaa65b459d6358,0xc34f3ce784b4576cdb9292ef3803be0f68bb9c63,2024-03-17 16:43:21,Aptos Bridge,0.0,0.0
175,Optimism,0x08f24685fd8f20bb23b832450773dc892b2ed77ba85f032ee9797ee766fa2bd2,,0xd9c07264812d837ea86a7261fa2945e476f4fb3b2401b71641d560ab118a5a31,0xccdbfed9eb0aeb70de93dab99a7adedb6b811ecb,2024-03-17 11:40:33,Aptos Bridge,0.0,0.0
176,Optimism,0x0c8e1af81df489801765ac9c0b95dbc4ac647b215c3d31b10a5309b61f96350c,,0xcdc17c32226fee8c6002e3028b9e64146f7f93fb575714880864edc241781513,0xced99590cedb991e1880edcc45fa2a8d9d5465fa,2024-03-17 11:22:59,Aptos Bridge,0.0,0.0
177,Optimism,0xdd3c36b2ac3b67ce7d23b0ed58823a95fae799d1e928f1eabb9afe73813ed7b2,,0xb2da1e3658ea249d1e74364ee5b59dab12d90081352ae87aa901a1024e7fb291,0xd1ff4cf8f0528e3b5348f2c5870a3e58b08aecac,2024-03-17 12:07:13,Aptos Bridge,0.0,0.0
178,Optimism,0xfb124b55f349a383ac1e3786dd7c97614143ec645158f7c73d458f41db45639c,,0xa42c978125598871cf84bed0659ba2c9100b9632d5d856f0ce043caae47ea8fa,0xd57f4a4eaa44c1d9d008429fed8bd1925dbf774c,2024-03-17 11:49:45,Aptos Bridge,0.0,0.0
179,Optimism,0x948f396c85b477ef1858844fb34bb77c203cdf24ce850cb6ae3478146321a373,,0x62af1d3f462f45bf39259e675e1291541a4e229c77d766b87c3728d7bdcab562,0xd9b126ff79cc36288fa192129f65351d71104255,2024-03-17 10:49:57,Aptos Bridge,0.0,0.0
180,Optimism,0x6c00dbf26836e646523f401a1833fdec3314fcdce61ed48fa8f99c05c4db7281,Arbitrum,0x42d0f7f2bf235f377689703d920c33a2fa549887209d50276a7ee43c05198b2d,0x1f11e89ed9f771e8628414c842fc0475dbd30a14,2024-01-06 12:57:01,Omni X,0.0,0.0
181,Optimism,0xbe3153e125792950803ff7732931cedcbc13181a11f6d6d4a7e152ae69e26c79,Arbitrum,0x6aa7c5dafce04fa5730fa94715d030cd8807249f09510d441fbd2914f40d6273,0x2e6c56ca462e0579b3d02c55f1a6a5437862dc43,2024-01-06 12:57:25,Omni X,0.0,0.0
182,Optimism,0x032d9e970eb22f2f3670a35f01a92d7cf4ee4aa9edf594a2affb8cece145eefb,Arbitrum,0x96cda9018a9f86f2c11e61e2b0d3ef543ce65d5d66e5afe4afd60c6e117943b9,0x3ef64ea7054179a7b541393e01e7f86bc121edc5,2024-01-06 12:59:21,Omni X,0.0,0.0
183,Optimism,0x89f9936f52a3ff5cd9fbc712bbe9bf25ed0ab0758b3f4b6c168a5326fc7f8dc6,Arbitrum,0x6880dd02f64f49af42d68aa59e55d98365c12396150802497a87ba739cf44478,0x4f80851f7d0754562e626cfa76823ebe01ec6781,2024-01-06 12:57:57,Omni X,0.0,0.0
184,Optimism,0x0e96eab6cf5a49ddd20556ba3bd6fd5651aa26a7372a74243bef96466fc64c33,Arbitrum,0x49e36ab84c76b8419171de9b8f91b342840d6841e6eb82f1b433c240d1dc903c,0x54b2fb6a7d57f53944c822919dcf4d942478aa88,2024-01-06 12:57:09,Omni X,0.0,0.0
185,Optimism,0x8c0bbd23113f8af92b1037ee35b31c3736d54bbe00244b597244e19f0546bf60,Arbitrum,0x77758bc8b613744cdfcc859354f69e7461d7ae60c9d2f21b224767a57f56042e,0x5e611c6547dbfaf9f8b03855b08170e691282a40,2024-01-06 12:57:35,Omni X,0.0,0.0
186,Optimism,0xe5bea0d222a81e0fec6eb4136056075b18d1f466f905d9acfd42c6f18fecc38a,Arbitrum,0xedee2407979a61e952ba4b88ffde1bbf91edaa11f41087310f074b4d5206c260,0x61f880d2614774bf239d7d4fb53ee91dd1f422d8,2024-01-06 12:59:47,Omni X,0.0,0.0
187,Optimism,0x743d4f25ea7740e0b4f547a6f03907925aff0c3b794808f051d695dd7e850f5b,Arbitrum,0xd24bc073632ef457293f02ee9ed47c5b849cd96642a60d81e2bc79de3f4cf35a,0x6a9bea733be7000827fef64f42c5969a953d1225,2024-01-06 12:59:39,Omni X,0.0,0.0
188,Optimism,0xe64bc7f11904fad22b0b87e8fad9dcc68d5ead9c1f70019cb842476e89bc334d,Arbitrum,0xb02c7892bdcf77afb62c7f5564cf030be8005113cebbebc251e21dd8c63650d4,0x6d4bf9ceaa58ea8c545c4fecc58da0a7e65627e5,2024-01-06 12:58:49,Omni X,0.0,0.0
189,Optimism,0xce9ad2f254c11e78a147539b706c89efee5c1cf919bc68e9897b9f874e034a47,Arbitrum,0x66d2913f8970b4bf888f6b12f9b393a03e9a8e94b75657fa61e44816657d9e9b,0x892254a671bc572b4f0d6717d5f513c435ef711d,2024-01-06 12:58:57,Omni X,0.0,0.0
190,Optimism,0x6f699811382f48edafb112e5705726bdc4307f848a331940c6f3773b079ccc7a,Arbitrum,0x80467f08884a758bf2b1e976bce1c4142b49546e09c4e1cc94789bd7cd82d4b5,0x8d11ff99d1f0f186f6b2e598162b336506df7604,2024-01-06 12:58:43,Omni X,0.0,0.0
191,Optimism,0x1c55379f0ac615f0cf84556cfd5e90883b656d491235a1370e95386cdc0f7863,Arbitrum,0x2f708ab5cff58ca3d2200f5eba5180c2a4b56a24b08d24f746b0f7563abc04c4,0x904a12abf8ea7dfb43d1774701cfb9d475c48dd3,2024-01-06 12:58:27,Omni X,0.0,0.0
192,Optimism,0x3ee790088ffb9f7c4f49e135792eac3373d92afe1e9d372244d68d252124a8b9,Arbitrum,0xd710f37ecd488d8b821e7a757148db015fae9bda68602cf0897c687699f45c09,0x935041d6acfe09e52978158d802a0c6e907f9fe1,2024-01-06 12:59:11,Omni X,0.0,0.0
193,Optimism,0xf83ca210adf99a517be23fe42aed96cd31af20674d8bcd5df2c287482e0bc64b,Arbitrum,0x62f5ea07cb6f016f820f10aae39c6a0e6aa547ddd8100c92bce272aefcb3ecbe,0xae54299a952b12ef7cec069e7291cbaa21b34189,2024-01-06 12:57:41,Omni X,0.0,0.0
194,Optimism,0xcbb28d831b22e99d8e4797bebeb81fa06d03e6582a26cf1c4c430cfdd4d6d7ec,Arbitrum,0x760748e2b030bfa6840502072b411fc7f2b45bd94f0e561e0024f7853e6e77d0,0xc34f3ce784b4576cdb9292ef3803be0f68bb9c63,2024-01-06 12:59:29,Omni X,0.0,0.0
195,Optimism,0x1c96ce2dce6ee7724d9166620929d949bcf5f8e752034b99686b159c9d950a08,Arbitrum,0xebac075f1b4d2a4488775711efc8a6943d059010f84cf4c5a53f55d73a3d4b6e,0xccdbfed9eb0aeb70de93dab99a7adedb6b811ecb,2024-01-06 12:58:05,Omni X,0.0,0.0
196,Optimism,0xfd6150fb28ceba170d02dd905d3c976bb93a498e1c0e4de5a59066dadfee76dc,Arbitrum,0x21de2d0a7d5b95fac293d9a530ee8d99a29440240958dfc9d9e44c1206eba5b3,0xced99590cedb991e1880edcc45fa2a8d9d5465fa,2024-01-06 12:57:49,Omni X,0.0,0.0
197,Optimism,0xc6612f84002759549d633075bd169cd419c1ffa0046574437c24c4d869b7cb84,Arbitrum,0x53e4395bd1165fd56b53364d784250f7415eadd1a7027872de6becdad281a358,0xd1ff4cf8f0528e3b5348f2c5870a3e58b08aecac,2024-01-06 12:58:33,Omni X,0.0,0.0
198,Optimism,0x1f5a1b11bfc5c58f61176ebd736ce0a7d6434986421fbd4d1fee4c1262005a83,Arbitrum,0x164934c2eef678e290380fc9d6c31c79984394902b93e7f8f55785ccb74752d6,0xd57f4a4eaa44c1d9d008429fed8bd1925dbf774c,2024-01-06 12:58:17,Omni X,0.0,0.0
199,Optimism,0xcd1e72cd1580bd477f5dfe7b5a314950d4ed0047e9e174ccb6197a10fa05a104,Arbitrum,0x2019f491311f59626aff3d73f6738e16d877e275b460231dbc67d1731b0d49a1,0xd9b126ff79cc36288fa192129f65351d71104255,2024-01-06 12:57:17,Omni X,0.0,0.0
200,Optimism,0x21748f458c0c0b049e201749c92f7e1bded2fdcc090add9eaca3cf2278e32934,Arbitrum,0x1a67c395c58f037f79802793efb59d4bf095b2a0f7ce260a011529d9a2aff81a,0x1f11e89ed9f771e8628414c842fc0475dbd30a14,2023-04-22 01:51:35,Stargate,0.0,2.69957388
201,Optimism,0x67b74e314bd0bec204c20b39a6f481b3b46e0d924705475429a96636cbb5ccc9,Arbitrum,0xe33d6041881cd911291311f772ce072e7baf743023f137622e0c163a3bce048c,0x1f11e89ed9f771e8628414c842fc0475dbd30a14,2023-10-17 20:27:17,Stargate,0.0,35.68213461
202,Optimism,0xcc812422bc66754c9331ac938c1f1d2f68fa0f58f69017efa879ffabd93fce19,Arbitrum,0xbad75c90679ede61f90c62ac62083873f355c2e51539d79a0b7d3edb63274d87,0x1f11e89ed9f771e8628414c842fc0475dbd30a14,2024-03-19 11:50:13,Stargate,0.0,45.75452566
203,Optimism,0xd9a8b6eb47adc099f5d4e838c96494baeef36cab63b3be8f49c779bca0500fb3,Arbitrum,0x444edde0232410126e6ab8c17482775cb19fefa8b63e36133714bc3fedef834a,0x2e6c56ca462e0579b3d02c55f1a6a5437862dc43,2023-04-22 01:56:50,Stargate,0.0,2.73655434
204,Optimism,0xbdac886872c073f972a73b15c1b3d592c05034a6ffc563b78709c781ac2cc353,Arbitrum,0xf74af5226cd195002fa9df3d743734e1b02bf3d6c627d52f57e95ab97fc081c8,0x2e6c56ca462e0579b3d02c55f1a6a5437862dc43,2023-10-17 20:27:51,Stargate,0.0,45.45449794
205,Optimism,0x038ef20a0db7ba6e5a2de4525fe8fe1a37f534c064325e7157855b6f09832a75,Arbitrum,0x770d41b5850a6955299a3f894fa5939c7aa3c70ade00514e308c0b192ced03df,0x2e6c56ca462e0579b3d02c55f1a6a5437862dc43,2024-03-19 11:50:43,Stargate,0.0,38.71536786
206,Optimism,0xb5e8753f52cf75e2dfd3406e17116623ed1a9268ef079b52ce3cf0469eee76cf,Arbitrum,0xed303768034334bc5062bf1973b8b28a538a2063597dffc799aa35fa38030fc1,0x3ef64ea7054179a7b541393e01e7f86bc121edc5,2023-04-22 02:19:56,Stargate,0.0,2.20033762
207,Optimism,0xeecf9957e4191c75d72f7e27e588dfaf7730c3cdcf06beccbabd9a8aeea71246,Arbitrum,0x99cb8ac47a2d9b34293ca76f55fa95de99f0112356a003017657b490dad07099,0x3ef64ea7054179a7b541393e01e7f86bc121edc5,2023-10-17 20:30:23,Stargate,0.0,31.31552287
208,Optimism,0x38a62a5add95058cf59ee21ab0965099e6bf5a22f9df16dd62e61447c2be7d3a,Arbitrum,0x3cdb67d97842c928f6e3095c5252069d46d680e9bbeefac2aa825ca19a27b04d,0x3ef64ea7054179a7b541393e01e7f86bc121edc5,2024-03-19 11:52:55,Stargate,0.0,40.47515731
209,Optimism,0xb7141d549bf9d82ffece2c5f653f88d981152140a99a4a7fbc45f53cd9224f74,Arbitrum,0x462165d2d606ee4fd8a9c81b778723a6cbef8e9cc781681af18891dd723193ab,0x4f80851f7d0754562e626cfa76823ebe01ec6781,2023-04-22 02:04:06,Stargate,0.0,2.10788645
210,Optimism,0xf71ec2e24b2081432ca6da61b84da236d4e5a774e40498ea7dcf7ff958471b0a,Arbitrum,0x2f9d0d456501e25e638147ebd7944bc4fd7b433ae6004d66229176e87d4f0daf,0x4f80851f7d0754562e626cfa76823ebe01ec6781,2023-10-17 20:28:41,Stargate,0.0,35.42232964
211,Optimism,0xa14c7354946bf1d4029f9cda86abae51ad874b8d8b99634f1c7feecbc6a59d6a,Arbitrum,0x884686c58baa0346608a55a85bdd98e3f1b5f141a232df5469c687b1e2bc661c,0x4f80851f7d0754562e626cfa76823ebe01ec6781,2024-03-19 11:51:21,Stargate,0.0,46.81039933
212,Optimism,0x2ae704a1a721cf3be991648b29e673f128880cc05895aed076eb242a25bba97e,Arbitrum,0xd838bc9ed3d7bc926d4338c9c29c8c46c1a195ab4783da037764246d096eee79,0x54b2fb6a7d57f53944c822919dcf4d942478aa88,2023-04-22 01:53:05,Stargate,0.0,2.45920086
213,Optimism,0x38b35191fa7bd759b2a7a39f7f78a5b1407fc6d038af56a4b031e3a403ef3388,Arbitrum,0x944778074b6c518b56c2f9ee0468fe0804851d21f14736c687af63f100875b3a,0x54b2fb6a7d57f53944c822919dcf4d942478aa88,2023-10-17 20:27:25,Stargate,0.0,40.11866845
214,Optimism,0x88bfb91430ee6798afe83eedfe40a3fdfeb09c21a69a070dc5bba1b69d15c63e,Arbitrum,0x5554dae612e116b671ee38d1103a5fe5edf5e5297947343468ae28ebf7d3b3b0,0x54b2fb6a7d57f53944c822919dcf4d942478aa88,2024-03-19 11:50:23,Stargate,0.0,53.14564134
215,Optimism,0x15e074e3cf12c61572476b7605812018cd47855f8abc495fbe3cdfad8e2f4c05,Arbitrum,0x3ce89c3e87cab6a76af0ae75b6e4f8066d70258700d06f54e2ac1586e7257f30,0x5e611c6547dbfaf9f8b03855b08170e691282a40,2023-04-22 01:58:20,Stargate,0.0,1.9044939
216,Optimism,0xd2c45919c031819d13fa9474f49eb33151865e7af5159d6e65773bcfc2a5d77a,Arbitrum,0xb0847501276d40b74600ca4dde337b99d9a62918882c3825e10d44eb7e255507,0x5e611c6547dbfaf9f8b03855b08170e691282a40,2023-10-17 20:28:03,Stargate,0.0,38.98954603
217,Optimism,0x29c9078ae6a62b50a30c340b690859593f1c9a44c93612f22e5e12a2ff6b54b8,Arbitrum,0xb0fa90c71097702d721570df894319d06b196121a87061d02b5e228452b8d6c8,0x5e611c6547dbfaf9f8b03855b08170e691282a40,2024-03-19 11:50:51,Stargate,0.0,50.32997822
218,Optimism,0x795e6ac13231d5e8ea886ce896fe169c75f7c72d9fa72d5ddce14bc9ebd4e289,Arbitrum,0xb6d78f89536008b7cdaeb1704d25dfeb03cd90787ba7aab96d9564b48d139cde,0x61f880d2614774bf239d7d4fb53ee91dd1f422d8,2023-04-22 02:24:26,Stargate,0.0,2.4776911
219,Optimism,0x7b9ce5efcea688b9012924a1fa5e51db5a132a978fc7b9118529d6faf2e227e0,Arbitrum,0xea94997c9654b7eaa0e879a563a6c90fd494e0e8faca1e32418a4b26f1b04518,0x61f880d2614774bf239d7d4fb53ee91dd1f422d8,2023-10-17 20:30:57,Stargate,0.0,34.48304408
220,Optimism,0x6b77af0e0399b88d655646eedbf7f2f7dbc0ab89fc37ee3e8b507d138d23d883,Arbitrum,0xbd3cb9999088d9034c10f5eb6373e24cfab0be47bbcc1c987dfb4857e9f0ea76,0x61f880d2614774bf239d7d4fb53ee91dd1f422d8,2024-03-19 11:53:25,Stargate,0.0,42.23494676
221,Optimism,0xb7d80fd0fd3ea5f1013daf71c2a2fe2c533d422902b94873a224a5e431007bca,Arbitrum,0x5972575c444abe8b7c40729895c8cf63a009dab96844859954cf8bf565c41d37,0x6a9bea733be7000827fef64f42c5969a953d1225,2023-04-22 02:22:56,Stargate,0.0,2.62561295
222,Optimism,0x011fe293d0a8a7418786c160f075f9f1927b4d52baccbc09073f61729544faed,Arbitrum,0x0fee1217df0df91080c42db1816d8715c305538416601a9dcf9785f8c548acdb,0x6a9bea733be7000827fef64f42c5969a953d1225,2023-10-17 20:30:45,Stargate,0.0,40.85806143
223,Optimism,0x3181c4c05c2d32a431331e0e2622b2f368206145bd7f8e693d27e10bcb8db44b,Arbitrum,0xd05631b09d2500c3ceadb91735cb4dad40907bcbd7a7fac0401ad59565c3b482,0x6a9bea733be7000827fef64f42c5969a953d1225,2024-03-19 11:53:15,Stargate,0.0,52.08976767
224,Optimism,0x5b200247dec97fb9c2cc6359266f87e54b599b6003f583c7bbd65a63cf2996df,Arbitrum,0xe4e106aa826c73c2ca56d846c32d7c77e1df18f501e579629058651dadf31343,0x6d4bf9ceaa58ea8c545c4fecc58da0a7e65627e5,2023-04-22 02:14:55,Stargate,0.0,2.23731808
225,Optimism,0xc345c6e3f98303fe2c17ca139981475def07f0cb3446fb0a084cc9785dc1e9e2,Arbitrum,0xd6b9c2bcc4c82c0711b8a3daee88539f768aa4d5f208d1c20993231b49b9a5dc,0x6d4bf9ceaa58ea8c545c4fecc58da0a7e65627e5,2023-10-17 20:29:53,Stargate,0.0,37.51068309
226,Optimism,0xdbd9c48b2d80547ac239d9821f379660bf05fc2a6ca344f680a5fe604b9b0ef1,Arbitrum,0xa0cafd942196892c69226c030236ca1dbd2b7bd932c61ba979b495a810802fc5,0x6d4bf9ceaa58ea8c545c4fecc58da0a7e65627e5,2024-03-19 11:52:25,Stargate,0.0,48.92214666
227,Optimism,0x66c022cd042576b1dc2ff70fe7dda4efa4bf127c9c40eabb2370ca72c585cebc,Arbitrum,0x1f3e238933727f4a07d32cf6cb726712330406bfe3b961a703d8adb1392676d1,0x892254a671bc572b4f0d6717d5f513c435ef711d,2023-04-22 02:16:55,Stargate,0.0,2.4776911
228,Optimism,0x39f35ba1da9857eac2abfde0f060689b335393319c1910ed2b00b601d962c0c1,Arbitrum,0x95c6fce8aaf7bde9b0e173d7db4062aabb292c0d2d69570a0415750fb246dac2,0x892254a671bc572b4f0d6717d5f513c435ef711d,2023-10-17 20:30:05,Stargate,0.0,31.79514888
229,Optimism,0xfe5c13c35b28e7fb314915cfe8be7d6ddfa28ea91c198729e1cd6ae960db7df1,Arbitrum,0xd71604b3d4098a9c639f4005dec510d6ec732b6f80c149d4b878e78586ad967d,0x892254a671bc572b4f0d6717d5f513c435ef711d,2024-03-19 11:52:35,Stargate,0.0,40.47515731
230,Optimism,0x8def7901b36d59a4e4ac48c5e0fa9abcf54ad2834c9e1ee46b055cde4ea917e7,Arbitrum,0x687e2f60a77cd91e548109d1c9f2cd242c08f076fe370056aa2ad3d93f0665a1,0x8d11ff99d1f0f186f6b2e598162b336506df7604,2023-04-22 02:13:10,Stargate,0.0,1.92298413
231,Optimism,0x06a625c9fd212384288b525411904beb21695503f1c5830d8915dc499df403ad,Arbitrum,0x56c110e948ed6e2aad15f72be082779b5cfd662eb8c711a17f65bb2319a7ab5a,0x8d11ff99d1f0f186f6b2e598162b336506df7604,2023-10-17 20:29:37,Stargate,0.0,37.66056703
232,Optimism,0x5c4c966ca78babc549bbf9609b9a0b2ed90a9ca6365f0b0275e28055724b712d,Arbitrum,0x54b7a78fade58a4bc874c8b059caea89d1f9adb22423773d65e3dfaedc230335,0x8d11ff99d1f0f186f6b2e598162b336506df7604,2024-03-19 11:52:15,Stargate,0.0,50.68193611
233,Optimism,0x1cfefc157d2c154fe01b8c8ece2aeb30103cdbb20d3f0f04bff67c0847621b6e,Arbitrum,0x4f48195960b09ccd390902bf70a21fd0f4d3d0382744930652c1d83140406eeb,0x904a12abf8ea7dfb43d1774701cfb9d475c48dd3,2023-04-22 02:09:38,Stargate,0.0,2.08939622
234,Optimism,0x564bfe88cbec849e418324de04f6f8d7b48a9ddd4e6f66cb7ebbba5bcee224cf,Arbitrum,0x8748b70d55df65d51b3ae8b61d1497372221e27b0aa400b9bd4e98869c9f6758,0x904a12abf8ea7dfb43d1774701cfb9d475c48dd3,2023-10-17 20:29:15,Stargate,0.0,32.90428584
235,Optimism,0x4c293af828448cbeb648a2be35a4110c7c28f5a6da8bf46617bfaeebf69e184a,Arbitrum,0x1830dcd09a75d7cbbc2331a9114c63f97c620471709e701b6059b6bc7331c981,0x904a12abf8ea7dfb43d1774701cfb9d475c48dd3,2024-03-19 11:51:53,Stargate,0.0,42.58690465
236,Optimism,0xb03a928477a94d4bbd0fd182eaab226b79c2f7f17badb10291616343b1dd8749,Arbitrum,0x965debcea72f4c4c783311614c7d7a299e4097a881bf03c353bb560dda3a8384,0x935041d6acfe09e52978158d802a0c6e907f9fe1,2023-04-22 02:18:55,Stargate,0.0,2.62561295
237,Optimism,0x9ee916263c7964617275d4149a46179338051b6905bd3bad3489a3ce73def5fa,Arbitrum,0x48d48c846d6be00f4a01876761715f310469a8ad3ba579b73eaf94c1f0263939,0x935041d6acfe09e52978158d802a0c6e907f9fe1,2023-10-17 20:30:15,Stargate,0.0,32.9242663
238,Optimism,0xfbbf0e066eb774e7c05e1ccb0ad9146f08cf46b91f1963a4a106c7696f184ed7,Arbitrum,0x8306a73b9e0ba4ecc2df2a2c79483a3416ec318438e3160cf15f9a48893032c7,0x935041d6acfe09e52978158d802a0c6e907f9fe1,2024-03-19 11:52:45,Stargate,0.0,42.23494676
239,Optimism,0xb4aecfb77aad89a189e160afc10048aec4a1fb5e4f5d405376dbf46a14d6d469,Arbitrum,0xc19c1e251df756f18a7f7e75068faac9029cf2cd3aafa69bb2af9ac883f0d232,0xae54299a952b12ef7cec069e7291cbaa21b34189,2023-04-22 02:00:36,Stargate,0.0,2.44071063
240,Optimism,0x6b918cd7da2c3f5744011abe06ca7f815eebbbc68a6065df237aecf7762d204a,Arbitrum,0x992b23f890e19d503382f8ad05d7b00da7ff3f40a5f5768ec41a090a364bc487,0xae54299a952b12ef7cec069e7291cbaa21b34189,2023-10-17 20:28:15,Stargate,0.0,33.3339632
241,Optimism,0x88002fc9d6c1833c7c332b0d84e147d7fb722ae9222b659386128501ab958019,Arbitrum,0x4e90dc5cfca155f5a43cc812d7ac1afddd428c7941a6a29bb99196c3d8dc7724,0xae54299a952b12ef7cec069e7291cbaa21b34189,2024-03-19 11:51:01,Stargate,0.0,41.53103098
242,Optimism,0xdbff16490088a647918e3b34dd391eb83374e6e35431ee26f13e4f8a5a1fcc13,Arbitrum,0xc42a08aa0b5f8ace7753aa31afad0ea9f1a7b031a3373962798076b132b1bba2,0xc34f3ce784b4576cdb9292ef3803be0f68bb9c63,2023-04-22 02:21:26,Stargate,0.0,2.44071063
243,Optimism,0x8c90e3cced6f8603f9a7c94a9f23525ec6e4c16f709ea0ad5f594165612bc64b,Arbitrum,0x4b729827e54f73069a28f91a6ff92ddf9a865307f50a2f19bd94661388d58398,0xc34f3ce784b4576cdb9292ef3803be0f68bb9c63,2023-10-17 20:30:33,Stargate,0.0,37.07102299
244,Optimism,0x0629394bdfe3457578cc920a35599fec3bcb608daa4cf78b1f7a90a4ca158319,Arbitrum,0x404461c3c551ecdf6bbe7c3e845efbede23706f59098a634240c2d3b678297bd,0xc34f3ce784b4576cdb9292ef3803be0f68bb9c63,2024-03-19 11:53:05,Stargate,0.0,48.57018877
245,Optimism,0xee2ef18005354feae52ba3b8d89d128c9b2684a9b39c25071b8e4c08ea45960d,Arbitrum,0xe7dcd086bdb20653ac31f9e67cfd6abc0149508b293505676488a20f7d349be3,0xccdbfed9eb0aeb70de93dab99a7adedb6b811ecb,2023-04-22 02:06:21,Stargate,0.0,2.55165202
246,Optimism,0x204cf3aaf1fbe3d905ea7a3b89d889dfb641a8202f9e17615b87ee1451426ff8,Arbitrum,0xedfc16558d9ce448ee24de73332c176ffe8868b071414913bd27c84d3053da6a,0xccdbfed9eb0aeb70de93dab99a7adedb6b811ecb,2023-10-17 20:28:49,Stargate,0.0,37.52068981
247,Optimism,0x0356eda8ff834024440b5234df0e96002c9907da2dd79a726912738ee4327dde,Arbitrum,0x604449a2b4fd6a5cb64ffab8de32686f624a63729d1d757e6293f316d5523660,0xccdbfed9eb0aeb70de93dab99a7adedb6b811ecb,2024-03-19 11:51:33,Stargate,0.0,47.866273
248,Optimism,0x5bf97f150e48517da0b7045d2ccb6cf5f803df295defd35d62423d663e948bfb,Arbitrum,0xaa9438e0617e851a73dcacde017019a6e3dd9bdaa6c2d98613a11626dc9a6562,0xced99590cedb991e1880edcc45fa2a8d9d5465fa,2023-04-22 02:02:21,Stargate,0.0,2.20033762
249,Optimism,0x88fd2cbb80095d9afbcb252f968b5943f64df2d52173aee5a8c342c9743cc9a8,Arbitrum,0xfa988967ddac9c3d74408c09c02fc0ab3cead84f48dc38ad371703f85335860b,0xced99590cedb991e1880edcc45fa2a8d9d5465fa,2023-10-17 20:28:27,Stargate,0.0,37.4807229
250,Optimism,0x665f96d87a2f1c41719ae8cd7710e8e7195fdf08436c6afb6d5f0dc646151492,Arbitrum,0x517da65b48a210a36751e9082a4aa124b2b6e4563be50e96fb2fc727429644d1,0xced99590cedb991e1880edcc45fa2a8d9d5465fa,2024-03-19 11:51:11,Stargate,0.0,50.68193611
251,Optimism,0xe62505c995c98fe65e4e44d222b1569e393a0050b53fb21bdfe96579e47f43fe,Arbitrum,0x8dfef79518498ce256f86d572f7dfba267958bd861b79ad5018f15c4a5294268,0xd1ff4cf8f0528e3b5348f2c5870a3e58b08aecac,2023-04-22 02:11:25,Stargate,0.0,2.23731808
252,Optimism,0x4d2c3a6b9572a5f881778b8f1c2a1b83ae76d6440a6f9281f8aa8ae7c189dc56,Arbitrum,0xb9beb29c8aeedf80eaaedeb8675871c67506e7bab9a896b65091dca8b6cb091d,0xd1ff4cf8f0528e3b5348f2c5870a3e58b08aecac,2023-10-17 20:29:27,Stargate,0.0,35.23246579
253,Optimism,0x552236bb7a21cbbe33b8d0fa8a3e6360d2745f708d55d521deba789a27e4ff13,Arbitrum,0xcbd567aa2d34573eff657e2ee9ca03ec9a786e8a6391cf6a3bb39a3226b1c28c,0xd1ff4cf8f0528e3b5348f2c5870a3e58b08aecac,2024-03-19 11:52:03,Stargate,0.0,45.40256777
254,Optimism,0xf6d199c5f0a4a5793f11f5a98308ce2ed7dc1175d7abbddfbd3f11bbcc645bf6,Arbitrum,0x6074b520c973988e6ae2bbba2520e9310854786fa95016aed5f44d1262fc2533,0xd57f4a4eaa44c1d9d008429fed8bd1925dbf774c,2023-04-22 02:07:51,Stargate,0.0,1.92298413
255,Optimism,0x718f0aaaaf5e2fd2acc401ead213277a4f417ac830313b88c5b90d3082bd6e20,Arbitrum,0xaac6d00d8b8ee6485b9460061ff5cb6a301609410c77fff8d456c182d0b4ad17,0xd57f4a4eaa44c1d9d008429fed8bd1925dbf774c,2023-10-17 20:28:59,Stargate,0.0,40.29850858
256,Optimism,0xe2ad41900d4c547701efd9c6b0c95f38b75611eade48a3600a90c0fb4595d86e,Arbitrum,0xdfc53c159a5b81ce384b45743b27b61344f0096b11689d884ecc34ba62a1e64f,0xd57f4a4eaa44c1d9d008429fed8bd1925dbf774c,2024-03-19 11:51:43,Stargate,0.0,55.25738868
257,Optimism,0xbd7077c72e7fd9b483715feaae1313d0736331dfe60c6f960af10b9e526a3d8f,Arbitrum,0xb7e374e00bbfa8dd99222e2bb0319498a7204b318b2f7ca41af41dfa82b0035f,0xd9b126ff79cc36288fa192129f65351d71104255,2023-04-22 01:55:05,Stargate,0.0,2.21882785
258,Optimism,0x60eee673a21335a19d0748bb8dd5a4d7307baa0e031bd891bef5f6d39ad3c93d,Arbitrum,0x88fd786506acb7f170284ace4b149bcab4dd010a44738f02ab2c2cd462efde7b,0xd9b126ff79cc36288fa192129f65351d71104255,2023-10-17 20:27:39,Stargate,0.0,43.34614604
259,Optimism,0x85e77633875e54e0032cfa497330578e4651c0f0bec58f90979c7ab4121e039d,Arbitrum,0xfdcb332dbbf5aff32a21ea29643dae1202815f03f0c238ed353250571af5d3c8,0xd9b126ff79cc36288fa192129f65351d71104255,2024-03-19 11:50:33,Stargate,0.0,57.01717813
260,Optimism,0x358b024365fd51612ed276377af0a779c848954147d1809b3a0ee24735c42c87,Base,0xe41438de8a6daabbd39d1c8c6749748d3b2bd5a88c6d8167478964e8b409bca2,0x1f11e89ed9f771e8628414c842fc0475dbd30a14,2023-09-03 16:58:41,Stargate,0.0,11.9412312
261,Optimism,0xd14b672039d2686a7ba16c0ed87a7be3ce028d57e9e2720663ba69276889c8fc,Base,0x411baddfd1fc66ce9128aabd8529a28f400fbbb3cc7818ec24ab9afed5b9f5fe,0x2e6c56ca462e0579b3d02c55f1a6a5437862dc43,2023-09-03 16:59:03,Stargate,0.0,7.03387591
262,Optimism,0x269724aaabf03948e362b0d595fa32703e1a5fa70dda9a5b1b821bc876a16ce0,Base,0x43d55047dd50caadda34af887791a5ca09ae71226ff6fa7b5be09441d343f601,0x3ef64ea7054179a7b541393e01e7f86bc121edc5,2023-09-03 17:00:43,Stargate,0.0,12.10480971
263,Optimism,0x2928e9a337a852af383da5440c2dfe992c73645b5bdf00940c46fd3a4658ac81,Base,0xd8f5bdf9b4a37b6dc812eff6e2692b3c121151375d0e732c1c82c6de1fb51d39,0x4f80851f7d0754562e626cfa76823ebe01ec6781,2023-09-03 16:59:35,Stargate,0.0,12.26838822
264,Optimism,0x96426ea74157fa94772aa9c65881e7eecc0140580a0f54d28c282c1bce7c7e2e,Base,0x469d85744577aaa34ca97780672e1e01b1570707b6e56f36e904219f18314981,0x54b2fb6a7d57f53944c822919dcf4d942478aa88,2023-09-03 16:58:47,Stargate,0.0,12.26838822
265,Optimism,0x4caee5c90666c1f763b7404750352b260c3ebf4e422935fe21d7225f8ca55303,Base,0xa2814e7dda90ba40f6bfec4a5cc45fcd9be82586116ac85e0eb7a06eecfada9f,0x5e611c6547dbfaf9f8b03855b08170e691282a40,2023-09-03 16:59:11,Stargate,0.0,11.9412312
266,Optimism,0xdee2c3e2dede3b1f29cf1144adb916a0d5c5553e7f4c2dec1d5eb74dd7d6b523,Base,0x1711111c6094abe1f59db0019b2218139f273c800b6b1a8e57e8d713dd60c062,0x61f880d2614774bf239d7d4fb53ee91dd1f422d8,2023-09-03 17:01:05,Stargate,0.0,11.61407418
267,Optimism,0x382422190145ec713e7e79a74b7be0c3169b545fed163d85ea49d5377d1324e3,Base,0x566552e0669f39221ed42b44a610c4d7107c484df3328ae82d565a1907158da9,0x6a9bea733be7000827fef64f42c5969a953d1225,2023-09-03 17:00:57,Stargate,0.0,11.77765269
268,Optimism,0xeb4809380990c7007849938a82eb02a7eae50f5d6cf35995f011f93420e203e6,Base,0x1e337c4a23eff1f0d3f72573c3a637642aee87c7745a8c702c5de4ec95c79d27,0x6d4bf9ceaa58ea8c545c4fecc58da0a7e65627e5,2023-09-03 17:00:19,Stargate,0.0,12.10480971
269,Optimism,0x52e6607595b53ee3bcdb9df880550cef298908583ef719ba48690efc3e86c7e2,Base,0xbab12aadb4d68359f1ef80691a78da9eb2947947a52bc378aa9ac0fe60c19a66,0x892254a671bc572b4f0d6717d5f513c435ef711d,2023-09-03 17:00:27,Stargate,0.0,11.9412312
270,Optimism,0x79b4e8d47ab57f496eefa494376e9200150abfe669887983cf2e4a32bdcb6a31,Base,0x8fbafdb19302a828f53240e6a454f0ff8926436bca52af8b1cd6d637e9a4f508,0x8d11ff99d1f0f186f6b2e598162b336506df7604,2023-09-03 17:00:11,Stargate,0.0,12.43196673
271,Optimism,0x18cab347f4f7446d1357cc2c7b6008d35d2c4ca3eec88031228b3ab3c0a00111,Base,0x49de5d2f20b81cf0b7e06141511fc69477de647a052ab1ea703411069c5f12d8,0x904a12abf8ea7dfb43d1774701cfb9d475c48dd3,2023-09-03 16:59:57,Stargate,0.0,12.10480971
272,Optimism,0x80459818d63bf04fa1c0a82fcb248b83b3a385acd184a107427a4b437d2e9120,Base,0x838987a6506da0ad57bdd90b5d821d4e9a5d4387b7ebc36987ce5b0e0046f121,0x935041d6acfe09e52978158d802a0c6e907f9fe1,2023-09-03 17:00:35,Stargate,0.0,11.9412312
273,Optimism,0xc5a52c2074305bc53367d3745336c37c0b2082ea1985c48d24be9aa57ef921ff,Base,0xfbc5519dae4480a7a66c4c3df417a0b5c34aec34d7b990e9dd76c9c61bde541d,0xae54299a952b12ef7cec069e7291cbaa21b34189,2023-09-03 16:59:19,Stargate,0.0,11.61407418
274,Optimism,0x3ccc3ac702c8396e3c5e1640c9bae8f2632da5f3a4fbfb388f959186c2da14f0,Base,0xef35ad4b737f4f634f94707b3b4e5fc2e90b2bb2b54f4a0cbebca8658ba068b5,0xc34f3ce784b4576cdb9292ef3803be0f68bb9c63,2023-09-03 17:00:49,Stargate,0.0,12.10480971
275,Optimism,0x50a480bfd821fd563480ad7e7fff74f43adb3800ceb9e1ef30f105829d8abecd,Base,0xae35f4999796e5de9227ea59f0859778209df0528aacb05c4f52077a35cb1e8b,0xccdbfed9eb0aeb70de93dab99a7adedb6b811ecb,2023-09-03 16:59:43,Stargate,0.0,11.77765269
276,Optimism,0x990bbc87f2a7f7af5b3c804cb50589eec660dee64267ed217ed29fb378db792c,Base,0x0704182656c43d04c560a73ba4075d2a2f77d20d7d5710a198bc6d8cb6bb8479,0xced99590cedb991e1880edcc45fa2a8d9d5465fa,2023-09-03 16:59:27,Stargate,0.0,12.43196673
277,Optimism,0x59a8a805fb5e4d8bc0851b6a2ceaf9c204bbe7b7464bf836c87826d3153fd9bb,Base,0x730a4b051f9228f042354601c2467e2baa0d7e44257371724718ba757e2048e3,0xd1ff4cf8f0528e3b5348f2c5870a3e58b08aecac,2023-09-03 17:00:05,Stargate,0.0,11.9412312
278,Optimism,0x671a55b7ccdc6ca1d0b1f3deeeed50dbdeb86aeb0b77600fd507e7daca5ae83d,Base,0xae7d78bc06c94242466f7db789933c9aceadf2840325ba6ad1710b1f1ba44fa9,0xd57f4a4eaa44c1d9d008429fed8bd1925dbf774c,2023-09-03 16:59:49,Stargate,0.0,12.59554524
279,Optimism,0x44df4a4159962e89f3253c5a57a4f5c7b3deb796791b6050b8f141dadfe6d0d9,Base,0x2f7aa895d9f3a311da97684fb8aac04d3202fbea98e57ff611d36591a6b62f5d,0xd9b126ff79cc36288fa192129f65351d71104255,2023-09-03 16:58:55,Stargate,0.0,11.9412312
280,Optimism,0xe1e88431ddae2c3767de984eefd6ba0edc61db4cc96ce58519cadd4e401e10c2,Polygon,0xb3e0e31afaca40968e075d4a234c52e583dc41799d64f019b2d55be859a86d80,0x1f11e89ed9f771e8628414c842fc0475dbd30a14,2023-07-23 09:17:07,Stargate,0.0,100.84841826
281,Optimism,0x90b0d2759341f73b5912e569d1630423550b208e6bd0b842fd65eb0e580f0b97,Polygon,0x68af77fb10737926574310780f1829fafbf0e3dba333ec8c45b4524a599aacc4,0x2e6c56ca462e0579b3d02c55f1a6a5437862dc43,2023-07-23 09:17:45,Stargate,0.0,101.43794137
282,Optimism,0x87cb6378cd4503db90ce6091d76f2d60aa5cdf6170151aa6623d8ee6853b9d3d,Polygon,0x98df3f04d99bdd119ee93ba9f1fb8622c02a5f2f0bc48522fe9cd3ba3e9f1544,0x3ef64ea7054179a7b541393e01e7f86bc121edc5,2023-07-23 09:20:35,Stargate,0.0,93.92401978
283,Optimism,0x99c87c5683e3400a41b364c5316a32b6f944198d3b3a2ee122b44344a7a0ec34,Polygon,0xe0701af2fa1e1f1c5eab09d9ac2710fb2d35920cd92acd50db2f5c902823f9c8,0x4f80851f7d0754562e626cfa76823ebe01ec6781,2023-07-23 09:18:37,Stargate,0.0,98.4603501
284,Optimism,0xcf56fd91e1ef2c8b60881def3f18d68091ffd5d7fb9fe7c681a0dd0fa55a4205,Polygon,0x3e160d5a158ef17615b6d549c8e0bc99f3be0292f4fd5931752401c227e3352e,0x54b2fb6a7d57f53944c822919dcf4d942478aa88,2023-07-23 09:17:19,Stargate,0.0,110.15089299
285,Optimism,0x67b7b4b6b8fd23a7f13d0c3144ec309041a9b666138b8db74c1902e1c422053b,Polygon,0x0fab1c6685abce41e9c8ad4fded74a03d52b60c7f0e58e60e029adbb91f571fd,0x5e611c6547dbfaf9f8b03855b08170e691282a40,2023-07-23 09:17:57,Stargate,0.0,108.83195995
286,Optimism,0x6991b6123a0bf2d8d63ee5f32ae3e836a653223e638af54416f4d4dd181026da,Polygon,0x76aeec267d783cb18bf36445e58e06ad9f66fdcd1ef72edc7db0d6e4b88816d9,0x61f880d2614774bf239d7d4fb53ee91dd1f422d8,2023-07-23 09:21:15,Stargate,0.0,97.17139281
287,Optimism,0x693813d41b17c43ec9d05870bffd4fc2cd23c4a4397d7f8595c433eb23e8006c,Polygon,0xadb28188c1fe91270723eeb25859ffcabc91499b9aee73e41e93381c111ce0ac,0x6a9bea733be7000827fef64f42c5969a953d1225,2023-07-23 09:21:03,Stargate,0.0,109.47144263
288,Optimism,0x5e01c91b5b6b7eb975fe8a141735cfadb2f8db3d8b30921541b5a9ea3d389150,Polygon,0x2739019ab19d4942fc3665506f1321db1262ce3bbdbc24b0e1f97b38a351c536,0x6d4bf9ceaa58ea8c545c4fecc58da0a7e65627e5,2023-07-23 09:19:57,Stargate,0.0,105.55461117
289,Optimism,0xedd0241d8da5461313258923b59bf606c6e0efc0d8f955f83618483dacac39c2,Polygon,0xf10a3891710ac369f25ed6388bcccec85568687974b93d2d0daf07e291305982,0x892254a671bc572b4f0d6717d5f513c435ef711d,2023-07-23 09:20:11,Stargate,0.0,94.3436803
290,Optimism,0xf4160df3b6fa9341af8e2a944f50f18ebecbc3362e23b9bb5d34ba4fcacd3028,Polygon,0x728f50464ca103201e7ef25f807ca3d69c5473f1083d01dc83bcc034a82fd250,0x8d11ff99d1f0f186f6b2e598162b336506df7604,2023-07-23 09:19:49,Stargate,0.0,105.48466775
291,Optimism,0x22c38c678166f75489fa7ad9c4d66b02339a8a209085c03559244fd991ece0a5,Polygon,0xd953d2876c5fa939b808be4a7453dc7b841ceb95197eaebc970145c6102b456f,0x904a12abf8ea7dfb43d1774701cfb9d475c48dd3,2023-07-23 09:19:23,Stargate,0.0,94.60347014
292,Optimism,0xd2c44f3ecd9155fec3576d76eaa82c397c27b6c497639d54cc7ca99fa37d1569,Polygon,0xe02b03c4af756b1109aaf27abea7446baaa3ed5d38cec2aa30332a41aa741642,0x935041d6acfe09e52978158d802a0c6e907f9fe1,2023-07-23 09:20:23,Stargate,0.0,96.89161913
293,Optimism,0x9cf609c005b7ebfcc208ba78c12696afc58e39860701490afc4b8383053b7b54,Polygon,0x2e8172657c1ae3ae0417d3fa903b4fa3a0ba3dfcd25c60230b91c40cdc0715b3,0xae54299a952b12ef7cec069e7291cbaa21b34189,2023-07-23 09:18:11,Stargate,0.0,97.86083508
294,Optimism,0xe777888d9e4cb0d65742f8ef4774d5c12a6530e95bacdd7cf33465affd75b81f,Polygon,0x1468ef8d396ed758c5dba62e2b0a0a08de2a20712f97db7628f3355485ba869f,0xc34f3ce784b4576cdb9292ef3803be0f68bb9c63,2023-07-23 09:20:49,Stargate,0.0,101.47790903
295,Optimism,0xc4a9c9e4045006f8a199f9f5cc79e7f3d00d1b591cd3ecc6c7acb46cfc5bab95,Polygon,0x616d6d379759fe307b33ebba0bff57ddd413d8f9f73151ab2924ccc72a5a96f8,0xccdbfed9eb0aeb70de93dab99a7adedb6b811ecb,2023-07-23 09:18:49,Stargate,0.0,103.00667234
296,Optimism,0xe31615c1556bb291c484ee63cb13a932345a3cfb1016242789895210796a84ad,Polygon,0xf81ac79f315d8f7c543979c75c5a53a6dd71dc26a3083062401f212febd9c9d9,0xced99590cedb991e1880edcc45fa2a8d9d5465fa,2023-07-23 09:18:25,Stargate,0.0,106.4538837
297,Optimism,0x2b3c821e260bbe8dd149fc902630772b2a8221b0df0148b02118157afeaf7d74,Polygon,0x94f82519464e711dd7ebd0763fee2a54528cde29fa867af6e0b01bc51c9b522e,0xd1ff4cf8f0528e3b5348f2c5870a3e58b08aecac,2023-07-23 09:19:37,Stargate,0.0,99.83923465
298,Optimism,0xe147331d049a8254ab12dfb1b2f1e3b602d807d9c7190df660a77e20d5421ffd,Polygon,0x51f72aaac9182978cf4eb003306c7dc080ffadefb29b515532af494e0b5d4ddd,0xd57f4a4eaa44c1d9d008429fed8bd1925dbf774c,2023-07-23 09:19:07,Stargate,0.0,109.1017417
299,Optimism,0x67e2fa637e90027238134350103003f472c75ae157906f5d1b3ddb2327833e18,Polygon,0xb638f03dbb7bb522efed7a2d28e4bf95c56d46e0130bdedfa4355b18a0c53bfa,0xd9b126ff79cc36288fa192129f65351d71104255,2023-07-23 09:17:33,Stargate,0.0,117.05530763
300,Polygon,0x9f6aced8bdc7f42468ade8d6a1b77975cbde2b21f996e2e80684ae88c74346a1,Arbitrum,0xf11e31ce6f9ca7cc385da1c9068e6076a752376a35f712b7296e2f844002c1e9,0x1f11e89ed9f771e8628414c842fc0475dbd30a14,2023-08-12 08:33:41,Stargate,0.0,91.51381152
301,Polygon,0xaecab9d8e80480b9253c905f4797620a1cf2e775ac90a1e31e822176d880bde4,Arbitrum,0xee70f1d1e2e9849ae2c97ebe4aec84fbc2ae76b0a01ce7d59bbfebc160282fbe,0x2e6c56ca462e0579b3d02c55f1a6a5437862dc43,2023-08-12 08:34:55,Stargate,0.0,91.0839815
302,Polygon,0x6bd7a334f7f11dbac6d4c1c89f46090650eaa91cc27f8a2b87329810381a0735,Arbitrum,0x2e9ecb6f3a41b6d397a521e91a1b8f3a196d7897f2c6145c43e8d2c13125ba39,0x3ef64ea7054179a7b541393e01e7f86bc121edc5,2023-08-12 08:39:25,Stargate,0.0,82.77726633
303,Polygon,0x6923962d866eafb989858a7d5ccc412acc1d05656ec066e076c99149e1b65116,Arbitrum,0x727427a8b14814d8b885218690b01c25e2a6876506e2f8a4421fd6c563a14790,0x4f80851f7d0754562e626cfa76823ebe01ec6781,2023-08-12 08:36:19,Stargate,0.0,91.02400521
304,Polygon,0x92dcfd5f54b06dc035dfeccaaf31f4749be62726117fb1c99f52131d522cc66c,Arbitrum,0x60f2c0987649980f34e02fcef515704af40886098dc82dfbeb104b80d7269d78,0x54b2fb6a7d57f53944c822919dcf4d942478aa88,2023-08-12 08:34:09,Stargate,0.0,100.42028952
305,Polygon,0x8caf78ea4876ea8eb358930ac11f67ef176dd2de306da0d6e8f727f67b81f249,Arbitrum,0x629b7263bc0d830adc1b4f0e2c3c264210d803925726bd936527799938cda0c8,0x5e611c6547dbfaf9f8b03855b08170e691282a40,2023-08-12 08:35:21,Stargate,0.0,98.17117892
306,Polygon,0xf371cb2834a8f712db8352938affa8a955a3dac3a99b7a38769731d801d8e9c7,Arbitrum,0xed4941e753967e512cc6b4d4da0171d3fd5a13a7829e33a83bb4f47bf4368c90,0x61f880d2614774bf239d7d4fb53ee91dd1f422d8,2023-08-12 08:40:31,Stargate,0.0,89.13475231
307,Polygon,0x0810d31d59d9fd0a72628f60119087505abb54db609a1f563f6da18f8cf261a2,Arbitrum,0xd54adc0b0966df8ef0cf92f8601761b546e45ca3fcce04371740d11dc1e31bd2,0x6a9bea733be7000827fef64f42c5969a953d1225,2023-08-12 08:40:13,Stargate,0.0,101.91969659
308,Polygon,0x9ea1ac523d31f92d1503c297f217f68d0c194c401ef9b8f008e7c9aebc460863,Arbitrum,0x6f7512181915372e95419ed390ccf76e47623aa2945bb1a0ab9afe090b3312c4,0x6d4bf9ceaa58ea8c545c4fecc58da0a7e65627e5,2023-08-12 08:38:25,Stargate,0.0,95.21234896
309,Polygon,0x10205747072697201206a8b9667603404b50ce99137036e85a0c96ce01ea8f74,Arbitrum,0xfc942ccf7bc66f04af701c9e4240fc6e0661b36f09122fda46dc17e93188de7b,0x892254a671bc572b4f0d6717d5f513c435ef711d,2023-08-12 08:38:45,Stargate,0.0,83.73688685
310,Polygon,0xdd3b3f16291dda05fce26f6b56def14bfbf72f6fbf34e5852a81912e992cd25d,Arbitrum,0x2c259bac8796a7aab166efae9e731c896cd826bb48f99e639f48aee4b533d123,0x8d11ff99d1f0f186f6b2e598162b336506df7604,2023-08-12 08:38:05,Stargate,0.0,95.50223433
311,Polygon,0x53ff85d39c223b25109a085908d241419a3631074445d289a65f063f19434fd1,Arbitrum,0x3c65655b6f2e25758eaf06aceb562a5093e608d662bc7375a47714bff1627116,0x904a12abf8ea7dfb43d1774701cfb9d475c48dd3,2023-08-12 08:37:21,Stargate,0.0,85.97600141
312,Polygon,0x3b6362faa9b1e09c58d85961077da3b6e25cd7c3c0d536c2f11100d8cd83ad24,Arbitrum,0xdf1f6145564ed2fab94d3a14b1b5cf205e4a01e3c824701e01a219eb14ae182e,0x935041d6acfe09e52978158d802a0c6e907f9fe1,2023-08-12 08:39:07,Stargate,0.0,86.0159856
313,Polygon,0xf490eac7dfa2c96bf036f873caaf22f9b3e14c006f8319fb50f9c054d2347322,Arbitrum,0xd1628267b294a207fbbb69ed6e362aa4dd2f3baefc40121d836745fafb1c1eec,0xae54299a952b12ef7cec069e7291cbaa21b34189,2023-08-12 08:35:41,Stargate,0.0,86.84565751
314,Polygon,0x2dc942d7115adf6221f53fee36cc21c28c3316968dc5e8b3c44e6b1e9c8f5df1,Arbitrum,0x5f4af8c99ea2d5c082ff011e259abae79558c1bbc26d97c500f60509540e3fa7,0xc34f3ce784b4576cdb9292ef3803be0f68bb9c63,2023-08-12 08:39:47,Stargate,0.0,94.31270472
315,Polygon,0xd84e2db32e975e66c5c167e5c8cbeee476251d33a2ab18d6450bcc19f887cae0,Arbitrum,0xed37e2bd15cc22d5f63ec451dfaf54d375c76cd561714c76484d9e231b8ad5f1,0xccdbfed9eb0aeb70de93dab99a7adedb6b811ecb,2023-08-12 08:36:37,Stargate,0.0,95.22234501
316,Polygon,0xc2f28021c6432e9be2fcc01f9f935970298b6576d60ef7fe6c33d770fb8262ab,Arbitrum,0x279d249cac9a6799068f2e4fa1f3307283e3bd7bba394e9e958f5a98d252b2ba,0xced99590cedb991e1880edcc45fa2a8d9d5465fa,2023-08-12 08:35:59,Stargate,0.0,95.14237663
317,Polygon,0x01c8700acfaca4d98d3c71cdcc255e2cdc61da926296c9e4bf4ecae8e570198f,Arbitrum,0x799b220974f41fe6511e6c3e2f19a8776019ff2d0d31648a4cad54151677ba34,0xd1ff4cf8f0528e3b5348f2c5870a3e58b08aecac,2023-08-12 08:37:43,Stargate,0.0,90.63415938
318,Polygon,0x2201b16a098d9906a0b8d35a23ae4953a35eff48cca61462fe5025accd93d2c9,Arbitrum,0x1a0419f9637434267ebbec1c275fed5039c0761e713248b0909ace16f1293d32,0xd57f4a4eaa44c1d9d008429fed8bd1925dbf774c,2023-08-12 08:37:01,Stargate,0.0,100.79014327
319,Polygon,0x0794e22859c0db2d2e15de924d3e1d0536f1915da69326cbdddf10a0fbd59445,Arbitrum,0x84d90caa95290f18ca2b06d4e58dceb80fff02899113d605633fe57a5ee61cae,0xd9b126ff79cc36288fa192129f65351d71104255,2023-08-12 08:34:33,Stargate,0.0,106.89772806
