,chain,hash,from,to,value,method,chain_tx_time
0,op,0x79b2d73508b96d4655e959ba4eb6d9e0148ac1d2bc58eba69d6c89d1d197d732,0x57d89cc2f4183ba85d9f6a48639f66bb7f0adb71,0x7f5c764cbc14f9669b88837ca1490cca17c31607,0.0,"approve(address _spender, uint256 _value)",2023-09-06 13:18:43
1,op,0x33b1d7b024864ecf412546b6d35460edd22c828585e604d2f24359c9c2b38c2f,0xff503580dab53c20eda81d93ef8deb87407280a8,0x7f5c764cbc14f9669b88837ca1490cca17c31607,0.0,"approve(address _spender, uint256 _value)",2023-09-06 13:18:45
2,op,0xd0d063a73b7465b3b343a6d6cc8e8bcb79373d20088b3effe48ead55234018ee,0x374c5d50500223196fbca15bc335ffa0ae0c7be6,0x7f5c764cbc14f9669b88837ca1490cca17c31607,0.0,"approve(address _spender, uint256 _value)",2023-09-06 13:18:47
3,op,0x6b29448072cddcb41783dab3da1169985817e4a4c3b0cb5c91c27aced187b796,0x10fee8bc6efa5d60ba852c315bd7f360b28fae97,0x7f5c764cbc14f9669b88837ca1490cca17c31607,0.0,"approve(address _spender, uint256 _value)",2023-09-06 13:18:59
4,op,0xa88fea42ee24261e1a411ad2c361e6572a939eaf416b4ec13c160ba129b29487,0x57d89cc2f4183ba85d9f6a48639f66bb7f0adb71,0xb0d502e938ed5f4df2e681fe6e419ff29631d62b,0.000387636461436064,"swap(uint16 _dstChainId,uint256 _srcPoolId,uint256",2023-09-06 13:19:01
5,op,0x917556e9248a29fa74f531cd602bf42a957e55888ad3a7f70c363d0ee837d205,0x374c5d50500223196fbca15bc335ffa0ae0c7be6,0xb0d502e938ed5f4df2e681fe6e419ff29631d62b,0.000387636461436064,"swap(uint16 _dstChainId,uint256 _srcPoolId,uint256",2023-09-06 13:19:03
6,op,0xfe5f43a30274c53f1cf5104feb564ac255d32a8eea6a1dc60e5530d2694ede1d,0xff503580dab53c20eda81d93ef8deb87407280a8,0xb0d502e938ed5f4df2e681fe6e419ff29631d62b,0.000387636461436064,"swap(uint16 _dstChainId,uint256 _srcPoolId,uint256",2023-09-06 13:19:05
7,op,0xc859c6ff4c747ecd80edaf2ed6cf8bda3d4b61b3416cca0d3f0edf88e72b22b1,0x10fee8bc6efa5d60ba852c315bd7f360b28fae97,0xb0d502e938ed5f4df2e681fe6e419ff29631d62b,0.000387636461436064,"swap(uint16 _dstChainId,uint256 _srcPoolId,uint256",2023-09-06 13:19:13
8,op,0x5f229973a2fd45ae52f71b83307434eb93154cc4e644169fd3d1645934dd4de8,0x53dd89c7303c8e74567be287c6e3b6e72ba0a554,0x7f5c764cbc14f9669b88837ca1490cca17c31607,0.0,"approve(address _spender, uint256 _value)",2023-09-06 13:54:57
9,op,0x788c64db5ac062a62788ba045279554844f245751eb9124b07e7efb06d35e36d,0x53dd89c7303c8e74567be287c6e3b6e72ba0a554,0xb0d502e938ed5f4df2e681fe6e419ff29631d62b,0.000387636461436064,"swap(uint16 _dstChainId,uint256 _srcPoolId,uint256",2023-09-06 13:55:15
10,op,0x806113d037977c845465ff9efe43f36314ff34f877ab6ed9a3d50dd939f4065c,0xaa75240ceb0bc499047e739dd65deb612b1bc790,0x7f5c764cbc14f9669b88837ca1490cca17c31607,0.0,"approve(address _spender, uint256 _value)",2023-09-06 13:55:51
11,op,0xf283023ad253c1f5a80645419a3e058a6052be348827b381364365e74c4b14db,0x50f3f90b7e22aca39098fb6872c223ed8bc72294,0x7f5c764cbc14f9669b88837ca1490cca17c31607,0.0,"approve(address _spender, uint256 _value)",2023-09-06 13:55:53
12,op,0x1aad4077934bacff4a5aaa283dd65016988166a694c68d21c7de08574c18cb6b,0xfe052427de50ca48dde381a63a7ba96bce127e39,0x7f5c764cbc14f9669b88837ca1490cca17c31607,0.0,"approve(address _spender, uint256 _value)",2023-09-06 13:55:55
13,op,0x5ce9fc31ca8e412b44d6b00703abd3b3b6e9231293d7eb33c15c4a4e9a2f91b2,0x50f3f90b7e22aca39098fb6872c223ed8bc72294,0xb0d502e938ed5f4df2e681fe6e419ff29631d62b,0.000387636461436064,"swap(uint16 _dstChainId,uint256 _srcPoolId,uint256",2023-09-06 13:56:11
14,op,0xabf007f75123ff740440693231b12758e372d232e8cd8e8a6be3ceeacf9aeeb2,0xfe052427de50ca48dde381a63a7ba96bce127e39,0xb0d502e938ed5f4df2e681fe6e419ff29631d62b,0.000387636461436064,"swap(uint16 _dstChainId,uint256 _srcPoolId,uint256",2023-09-06 13:56:13
15,op,0x143e8dca3ace47aef9be36437ba19fd7dd34011d0063e3fe2297e18ce9f5af01,0xaa75240ceb0bc499047e739dd65deb612b1bc790,0xb0d502e938ed5f4df2e681fe6e419ff29631d62b,0.000387636461436064,"swap(uint16 _dstChainId,uint256 _srcPoolId,uint256",2023-09-06 13:56:21
16,op,0x280908e7a156ce2dd704dfaaaaba3d6209afad1ebd8a6cb71d4a07af3e8df7a0,0xa740894edb8390b31832dbd7a370d01b21ea265b,0x7f5c764cbc14f9669b88837ca1490cca17c31607,0.0,"approve(address _spender, uint256 _value)",2023-09-06 13:56:29
17,op,0xa737333d0960cb71c6d09c0c9091c538650e6f4c29755b8e89fdba6fe1acdf23,0xa740894edb8390b31832dbd7a370d01b21ea265b,0xb0d502e938ed5f4df2e681fe6e419ff29631d62b,0.000387636461436064,"swap(uint16 _dstChainId,uint256 _srcPoolId,uint256",2023-09-06 13:56:59
18,op,0x19b538a1575463388ff2a755d17e1ed9c996632458e104044843b857668b68d7,0xe3c3ea733dca531f3aa56e76d1d562c92f973dfd,0x7f5c764cbc14f9669b88837ca1490cca17c31607,0.0,"approve(address _spender, uint256 _value)",2023-09-06 13:57:19
19,op,0xaed159fc1b5932ace068b85020f2a510df68d791bb1fec7483e52d27f0e731a4,0xe3c3ea733dca531f3aa56e76d1d562c92f973dfd,0xb0d502e938ed5f4df2e681fe6e419ff29631d62b,0.000387636461436064,"swap(uint16 _dstChainId,uint256 _srcPoolId,uint256",2023-09-06 13:57:57
20,op,0x17394b4ace57bde91d0d957a7efec95735939851922533e7c7bf116df85d9bc5,0xb80135c04056b7b3074032852a752819dddef85c,0x7f5c764cbc14f9669b88837ca1490cca17c31607,0.0,"approve(address _spender, uint256 _value)",2023-09-06 13:58:15
21,op,0x13a952adde0fcb02ad80c8029fc5bf5269b4bff3bb32cb14c328c1aff3a71fa5,0xb80135c04056b7b3074032852a752819dddef85c,0xb0d502e938ed5f4df2e681fe6e419ff29631d62b,0.000387636461436064,"swap(uint16 _dstChainId,uint256 _srcPoolId,uint256",2023-09-06 13:58:27
22,op,0x6c48f7814da48fdf6af8c5505682cb8e75c6c835b7cc767b09532224a639da06,0xcc16231ee5061a5b3b0351f308f326cd16512c1c,0x7f5c764cbc14f9669b88837ca1490cca17c31607,0.0,"approve(address _spender, uint256 _value)",2023-09-06 14:18:31
23,op,0xff28d341cb48b4ba67f83411646e411db77df81a28594cc92034530e234ff4a9,0x13de6ea841c9859770339533b89a57a19af23167,0x7f5c764cbc14f9669b88837ca1490cca17c31607,0.0,"approve(address _spender, uint256 _value)",2023-09-06 14:18:39
24,op,0x196a73eadba69f708225746d52b56f2f28c34bab2838237b838a2e8d7a06653f,0x1fe7f3141cc515273511d8ed3f1ec311e187dc72,0x7f5c764cbc14f9669b88837ca1490cca17c31607,0.0,"approve(address _spender, uint256 _value)",2023-09-06 14:18:43
25,op,0x789e8fa37781fcfceb0ae9683e46278fe5c3bd3939f91280b3f3b030328d3493,0x3c3f72d6957e3679e7b1e5b47fb25b5b66abec6a,0x7f5c764cbc14f9669b88837ca1490cca17c31607,0.0,"approve(address _spender, uint256 _value)",2023-09-06 14:18:49
26,op,0x98a9f40a4970ca7c91abc3dde26e0733d9aaa26be369b2351833753d15844b68,0xcc16231ee5061a5b3b0351f308f326cd16512c1c,0xb0d502e938ed5f4df2e681fe6e419ff29631d62b,0.000387636461436064,"swap(uint16 _dstChainId,uint256 _srcPoolId,uint256",2023-09-06 14:18:53
27,op,0x7092e7cf58091b4a9911e1d04727cee1b337bb3d3240f5866a3bb520e8910125,0x1fe7f3141cc515273511d8ed3f1ec311e187dc72,0xb0d502e938ed5f4df2e681fe6e419ff29631d62b,0.000387636461436064,"swap(uint16 _dstChainId,uint256 _srcPoolId,uint256",2023-09-06 14:18:55
28,op,0x6c41d14c2b6127588bd4db8f62661cba3bcb496fa692221963646f966df57fa5,0x13de6ea841c9859770339533b89a57a19af23167,0xb0d502e938ed5f4df2e681fe6e419ff29631d62b,0.000387636461436064,"swap(uint16 _dstChainId,uint256 _srcPoolId,uint256",2023-09-06 14:18:59
29,op,0xe1f918a394e6921b4b28985045a35c32aa0a702efcd29cb73345c15cc9040b81,0x3c3f72d6957e3679e7b1e5b47fb25b5b66abec6a,0xb0d502e938ed5f4df2e681fe6e419ff29631d62b,0.000387636461436064,"swap(uint16 _dstChainId,uint256 _srcPoolId,uint256",2023-09-06 14:19:01
30,op,0xd062d2feb21ed3e061ce5245154b1ce9be51768473eaa47f3c116edab9d7d1ac,0x4607ededecf30edecec292c546552a527342f59c,0x7f5c764cbc14f9669b88837ca1490cca17c31607,0.0,"approve(address _spender, uint256 _value)",2023-09-06 14:43:23
31,op,0xec946a403113e39d36527a14d0c13cfdc04bcb505e6220b040ef0ebda9ef8ee4,0x006ad87491ab533f0b29e042e46b705635aafc60,0x7f5c764cbc14f9669b88837ca1490cca17c31607,0.0,"approve(address _spender, uint256 _value)",2023-09-06 14:43:25
32,op,0xb89b94077f4d988a0a4f45ef1eade5a6ec97e5fcbeb822e476579ee67c1dd3eb,0x44560ee620cd1554499773a4304597ac1c9d08cf,0x7f5c764cbc14f9669b88837ca1490cca17c31607,0.0,"approve(address _spender, uint256 _value)",2023-09-06 14:43:35
33,op,0x500e8e6aefe460ef33c1fc4a3ef1e56765a4f08f9f0956c9c25c3bf51905288b,0xe87c479f9703e1add7b044a5703c8e98acaa678b,0x7f5c764cbc14f9669b88837ca1490cca17c31607,0.0,"approve(address _spender, uint256 _value)",2023-09-06 14:43:37
34,op,0xc9161e688cc9018c19991050c2e43d84d06657617835284c104594e34243c5b4,0x006ad87491ab533f0b29e042e46b705635aafc60,0xb0d502e938ed5f4df2e681fe6e419ff29631d62b,0.000387636461436064,"swap(uint16 _dstChainId,uint256 _srcPoolId,uint256",2023-09-06 14:43:41
35,op,0x0e8b171ba4abf39162e951e9a5065a40ea8a2dfadfb9a693d0e5bf2c2ed93491,0x5612a8ba00d58865af803d9f53996cf2316cc9e5,0x7f5c764cbc14f9669b88837ca1490cca17c31607,0.0,"approve(address _spender, uint256 _value)",2023-09-06 14:43:47
36,op,0xd6ce9899ca6ae349a19315c9ecb6fec07fbc29f841485ec55fba29f23163cc5a,0x4607ededecf30edecec292c546552a527342f59c,0xb0d502e938ed5f4df2e681fe6e419ff29631d62b,0.000387636461436064,"swap(uint16 _dstChainId,uint256 _srcPoolId,uint256",2023-09-06 14:43:53
37,op,0xaf9f6bd3e226927b9cd52e5f8744eefd0d75c6f78815af092f134c5b51dbf740,0xe87c479f9703e1add7b044a5703c8e98acaa678b,0xb0d502e938ed5f4df2e681fe6e419ff29631d62b,0.000387636461436064,"swap(uint16 _dstChainId,uint256 _srcPoolId,uint256",2023-09-06 14:43:55
38,op,0xbc2e67060cdf461b153071cb2f7c632dba8ab11b181af17b2c0294b44809d1be,0x44560ee620cd1554499773a4304597ac1c9d08cf,0xb0d502e938ed5f4df2e681fe6e419ff29631d62b,0.000387636461436064,"swap(uint16 _dstChainId,uint256 _srcPoolId,uint256",2023-09-06 14:43:57
39,op,0x991d6653197a0fa55233f9739e86f21394b770a1b8b9fe4255bd8bc6c7602f60,0x5612a8ba00d58865af803d9f53996cf2316cc9e5,0xb0d502e938ed5f4df2e681fe6e419ff29631d62b,0.000387636461436064,"swap(uint16 _dstChainId,uint256 _srcPoolId,uint256",2023-09-06 14:44:03
40,op,0x0e0f793d361290daa14c5ef0118a8b09abda14a33a3d04df6986e7150373c6ce,0x3a657a1911415ffce0e9692a0304225e4dbca849,0x7f5c764cbc14f9669b88837ca1490cca17c31607,0.0,"approve(address _spender, uint256 _value)",2023-09-06 15:06:43
41,op,0x566174a756d8709016e1987efbf18a5cd0043bf76b3a75692f0938fdcecb323e,0x91f1402339099422bb13cd9acb3b4245258f5211,0x7f5c764cbc14f9669b88837ca1490cca17c31607,0.0,"approve(address _spender, uint256 _value)",2023-09-06 15:06:49
42,op,0xedfcbd3141d1bf79b1dec331bac31448cd525bf7f5bb5664a8bc1d17f0453b91,0x3a657a1911415ffce0e9692a0304225e4dbca849,0xb0d502e938ed5f4df2e681fe6e419ff29631d62b,0.000387636461436064,"swap(uint16 _dstChainId,uint256 _srcPoolId,uint256",2023-09-06 15:06:57
43,op,0xdfb12ca95187b6ed36a3d1f2475695a4d70bf74e55f2a0a8f9ce8b8a3e272046,0x91f1402339099422bb13cd9acb3b4245258f5211,0xb0d502e938ed5f4df2e681fe6e419ff29631d62b,0.000387636461436064,"swap(uint16 _dstChainId,uint256 _srcPoolId,uint256",2023-09-06 15:07:03
