"source_chain","source_transaction_hash","destination_chain","destination_transaction_hash","sender_wallet","source_timestamp_utc","project","native_drop_usd","stargate_swap_usd"
Fantom,"0x10dd172a7e7783d800955af5c1c5ba8cc3e34bca5f37ae99392fb54da892ea81",Polygon,"0x3edacdf2d83d3400b06cfe3ed471b12343179643f0c35947078c0b82460f0261","0xde01c4d821573a92d0eb2df68be7fa68af4e71e8",2023-05-11 02:02:17.000,Stargate,0.00000000,93.68306532
Arbitrum,"0xae69dac910843581c98bf034bd051e377330c1fb2517ed156c4e53c176a45cea",Fantom,"0xf6ad322b0211aea6839cab70dd8de0c70432a56d6d6af5994a5ca82ce7c1e0fd","0xde01c4d821573a92d0eb2df68be7fa68af4e71e8",2023-05-09 09:55:02.000,Stargate,0.00000000,93.94313843
Avalanche,"0x20bb1af6c77e1a46448a3df743f4f32703a10e777a3e31319460bf96b0bc0a51",Arbitrum,"0xf6878b26be1edf8f8cdf6cddbb724caaaa724c3a27ac3e654971fc738a1137a7","0xde01c4d821573a92d0eb2df68be7fa68af4e71e8",2023-05-14 08:30:05.000,Stargate,0.00000000,93.51789386
Polygon,"0xfa885359a73385531e280b311686b1af91dc30e1f0828bf3ba0e3eb4a63b0a0c",Avalanche,"0x4378e47f2fd51e82c49645b746466410225ded9a061da1e29b094914237fc8a7","0xde01c4d821573a92d0eb2df68be7fa68af4e71e8",2023-05-12 06:08:29.000,Stargate,0.00000000,93.74164455
Polygon,"0x42fadeea4cd4957016105564050f649d2dbb16494ecde4040fa8757948440156",Avalanche,"0x07b2471ec865c98e0c962a4ec6418b420445912aef3952603b92b98973968742","0x4169795245703b3803affe88b11c8d6311abc89e",2023-05-12 06:12:29.000,Stargate,0.00000000,93.71087406
Arbitrum,"0x69d712c0e3ca54f83f19b98bf9eb12d53af5a1bdadd986aa44344f5faf0fee39",Fantom,"0x673968e291bec0922db9c0278e893b6c9805fcf932319b1347803c0d7a0710a5","0x4169795245703b3803affe88b11c8d6311abc89e",2023-05-09 10:07:13.000,Stargate,0.00000000,93.91328543
Fantom,"0x167022b7bbf860f82bb0068e54749633c970976464c2d6f6d35ad9b02437e1be",Polygon,"0xdabd49cb30093c9e7cd162381fd04b0e04ff92df58db21ca091c1070a6b02ee4","0x4169795245703b3803affe88b11c8d6311abc89e",2023-05-11 02:07:57.000,Stargate,0.00000000,93.65231453
Avalanche,"0xb105e65c2afdee71a741f93f4f509f171b760abd5212ff8bf631b7742fa5a784",Arbitrum,"0x65d5d63eb7be115878411701565b3970337b9f8c1239bff7a5484005f0ce806a","0x4169795245703b3803affe88b11c8d6311abc89e",2023-05-14 01:57:23.000,Stargate,0.00000000,93.48719637
Fantom,"0xa0ce6f01c4998978243ccd9c31aadb41014470cef13ac5cfa812f26d3383dc0a",Polygon,"0xf48c45555196d4597f623b96b7e200a5f365a89ea16988c8c88bba0111f33c59","0x29a251c2cfea7b0e36f59b70507fb0a11bf7e99b",2023-05-11 02:01:38.000,Stargate,0.00000000,93.66943661
Arbitrum,"0xd2e5454fc5fe429d95b2f74f59bd130eeb13aa0800be25982dca3b19750679f1",Fantom,"0xd6db4164cc8072000f4188f091161ee852437c7a8fd6a2132df274e832d6c8bd","0x29a251c2cfea7b0e36f59b70507fb0a11bf7e99b",2023-05-09 09:54:21.000,Stargate,0.00000000,93.92943133
Polygon,"0xf521d51f23201598244fbca6aac806efeb4fc2e4e8f4c32d72ea31a714b60170",Avalanche,"0xfa814d194394e100cb097f62d0d76a9e4f0a6f1df84117619ad4defc29473d93","0x29a251c2cfea7b0e36f59b70507fb0a11bf7e99b",2023-05-12 05:02:20.000,Stargate,0.00000000,93.72800613
Avalanche,"0x9086452c63ba0e740c272232366a7632527626852557e2cfe10c851cf7fc3189",Arbitrum,"0xff084fcd98e34e9c3a4843cdcc93bccb4d03e1d9bf1ceba43ac119eed5b0d9a7","0x29a251c2cfea7b0e36f59b70507fb0a11bf7e99b",2023-05-14 08:29:04.000,Stargate,0.00000000,93.50428782
Fantom,"0x0d78244426aa4393668b0b93d9d6b7f111bf2056db2100a4550a989b5d896379",Polygon,"0xf07ee759d69330cf38c17098801080c499a4866f33f0cd06a5cee1e71c79b76b","0x2fd183027b465ebc213ea99934fc35f810373f53",2023-05-11 03:19:59.000,Stargate,0.00000000,93.55089806
Arbitrum,"0x1cc6d5cdaac04ad0abcff6c6c5686e7a9082752eeca1781e34bc25ad28840814",Fantom,"0x4e398598f5f2c661f7a2b0ac204e11a3be4add87c1a0a2e6a204bca53cf6be0f","0x2fd183027b465ebc213ea99934fc35f810373f53",2023-05-09 09:38:21.000,Stargate,0.00000000,93.83858638
Avalanche,"0xd29c2c3986fef30c55392f18b69b8ec3c0403f51985cc0956b640e2e8b78ebd2",Arbitrum,"0x2831fc1b754491321e06a91392d2781fd4c3f06adc9f8d227a2755ed1284b946","0x2fd183027b465ebc213ea99934fc35f810373f53",2023-05-14 01:23:51.000,Stargate,0.00000000,93.38595895
Polygon,"0x058eb38c734f09e22048293067a4b0d37082a1d4ecbc150bdc73a7bee52531e0",Avalanche,"0x3a0431ff87f1645ddd7a72d4b59864bd8d7f9d646e13be5862577ecbba5aaa4f","0x2fd183027b465ebc213ea99934fc35f810373f53",2023-05-12 06:02:27.000,Stargate,0.00000000,93.60939428
Fantom,"0x7109263759a7d4f00166ac0c87d94b917e0213536193b5e7e24982aef13e5c1e",Polygon,"0x816d38731e3448314612d7c44d76a5f8d33bc0846f8495e781f81d122ca941a2","0x7528c11face18a59e45675e65fabaab3e068128f",2023-05-11 01:49:00.000,Stargate,0.00000000,93.74408228
Arbitrum,"0x361d10210a797267292a5bcd04c50ae5fcbf0be15f58d47907514b9e0f3f636f",Fantom,"0x63bd8cc1fbf43a0739f18e9e543f479f17dd10aa8bfd7a75b5424d5c374c4973","0x7528c11face18a59e45675e65fabaab3e068128f",2023-05-09 09:41:41.000,Stargate,0.00000000,94.00165956
Polygon,"0x226accd3f5105931b9b6a54cc2b645c9fcef9e98ff19f5cb55c0b657fa42476f",Avalanche,"0xe9ae28f0b956a0a5ec5b0c75352d4d8a1a17e484a1423c84760f7e31c29f464f","0x7528c11face18a59e45675e65fabaab3e068128f",2023-05-12 04:43:21.000,Stargate,0.00000000,93.80269929
Avalanche,"0x73bd2e4a3c412fc61db35dad361c251e311c15532b9337402db10fc7c96bb4bd",Arbitrum,"0x46493cc50c194e8b47a22387f2f863123a56b5772755037726c21639a16803ea","0x7528c11face18a59e45675e65fabaab3e068128f",2023-05-14 01:28:52.000,Stargate,0.00000000,93.57880249
Polygon,"0x513a190090b1e4584130c4ba11a79da67ca678f6217e87772abdb7aa4b6ddd91",Avalanche,"0xb6303da3a71e2dd55c69f87860a0ff6d757b0ca2ea0fae95b849b67269f1d39a","0xc6fbc5659e23cfbd61ff5d970007f7087f32f2db",2023-05-12 04:54:18.000,Stargate,0.00000000,93.73970964
Fantom,"0x9d110998000590074e526c4df5f85b46434b235352974b87285fbe5afa5e4e80",Polygon,"0xc297910f5f3697422de63dd3e898beb2b83c0c63c76e4ee77796494ed1e10208","0xc6fbc5659e23cfbd61ff5d970007f7087f32f2db",2023-05-11 01:56:21.000,Stargate,0.00000000,93.68113178
Avalanche,"0x019f503e37b251ea1662f6e6bb00271b48f8ba949875bbdac7e2bd8c045ec81f",Arbitrum,"0xcc6cf819a77be0bb4bd44523e0d1552248da78e7159beea2955c7bf6f759c553","0xc6fbc5659e23cfbd61ff5d970007f7087f32f2db",2023-05-14 01:39:52.000,Stargate,0.00000000,93.51596341
Arbitrum,"0x87bce7d1a2be3ca57a303f03703082c672c469c9a82ce2bb78f33a3dd6accacc",Fantom,"0x4933095c1c4850e589e901befa22adba63982e208cd1a848e4f54abe3fbfe08a","0xc6fbc5659e23cfbd61ff5d970007f7087f32f2db",2023-05-09 09:49:01.000,Stargate,0.00000000,93.94018526
Avalanche,"0x2f65fa5ab291119e76e1c9ae41cc251e0090dcb92a97164faed7a02dc625195e",Arbitrum,"0xe478c95257b0c7dbdd35b611386ee80e3a1779246fff68e5d4662b22e6539915","0xe3269ba0b52d414bdcac0027591e9eb1326fa7cb",2023-05-14 01:51:56.000,Stargate,0.00000000,93.45850223
Fantom,"0xcc0f312ac4480ebde44c5e6d732c3b2ebf3adc85a41f1e83e48ffc47dde01f60",Polygon,"0x12fbdba4f3c859ed4afb8455d9d9bbada85613b576e017482937ab86c16c63fd","0xe3269ba0b52d414bdcac0027591e9eb1326fa7cb",2023-05-11 03:11:54.000,Stargate,0.00000000,93.62357022
Polygon,"0xa24db76b6e69ee8b0f24ce3e6e863df79d8603fc843f00c5c5e68c7844ede4f7",Avalanche,"0x765da0874dbd982f973f0687f99037fe40e8ec9002727de0aebf84e658b46d46","0xe3269ba0b52d414bdcac0027591e9eb1326fa7cb",2023-05-12 05:06:18.000,Stargate,0.00000000,93.68211152
Arbitrum,"0x6179e8e8fe6ae23261479a72853c9986a4e0a36948999c3ee2874b0c7e51c079",Fantom,"0x211a6bcaf7465527ff43aea78911a386dc0f3d1001c1fe418023f28131a3cf16","0xe3269ba0b52d414bdcac0027591e9eb1326fa7cb",2023-05-09 09:57:01.000,Stargate,0.00000000,93.90715892
Avalanche,"0x2e7f6dcca2fdb75bb4bd35388cc3d3ec415d3f51f0c1f91301b43b58b02940d1",Arbitrum,"0x7d153a03d1b843a97f87ff3e36bbace68d8938b1b60321b21644f492215c9842","0x63be86e74857502c3b0e47bc36ae4f2f14ab5596",2023-05-14 01:37:21.000,Stargate,0.00000000,93.51679731
Fantom,"0x0dd6406f89ec5ac78b369616021271b6e6e5634c79ecefcabdb65c39078400a6",Polygon,"0x77169caf736c2851e1d65cc193b2f9c2dc1eeab9aeb8b1e874a64ead895dbbd2","0x63be86e74857502c3b0e47bc36ae4f2f14ab5596",2023-05-11 01:54:40.000,Stargate,0.00000000,93.68196815
Polygon,"0xe9e879f522134975310179872b8f90d98cdd52e08046d9a5dfc2a8b244623a07",Avalanche,"0x6e97cb7d4e7a4f948ba25efc6bd2ac3dec268cefac4fff44f6a0411c1546067f","0x63be86e74857502c3b0e47bc36ae4f2f14ab5596",2023-05-12 04:51:47.000,Stargate,0.00000000,93.74054603
Arbitrum,"0xbccdbf157af0c8b0df61cffae6b1d6cefe2ef9501cdab69588d8d4a18b7afffd",Fantom,"0x0938bc5ebb444d3921e9a199041ac33dab8246dc57b3b9ce3fc623a4a3bca6ec","0x63be86e74857502c3b0e47bc36ae4f2f14ab5596",2023-05-09 09:47:22.000,Stargate,0.00000000,93.94062658
Fantom,"0x48808bb30c5b0df037deb5e6c69970ce43c7381e46660f3c79fca8daa4e54dc1",Polygon,"0xa9a2e835c4de95cea042d18c4ee1e9a35e3bc3c08232046198c49b66ddcafa49","0x0fa4350a345f9244bdbfc8e7c4e9175022cd60cd",2023-05-11 02:00:58.000,Stargate,0.00000000,93.66926574
Avalanche,"0x83382f32ac59cc4b643cb57bbd612777ae9b7f847657f2418a7b174c046aeeef",Arbitrum,"0x35771e827aa2d29c6d00b69c89ca2aca6f7dc5e37e9b221221b2e111e8433a6e","0x0fa4350a345f9244bdbfc8e7c4e9175022cd60cd",2023-05-14 01:46:51.000,Stargate,0.00000000,93.50411904
Polygon,"0x663e3c616d98f0d61ee36b1e3a51dd4682dee4e11dd736f5222bd3c8a8bd4352",Avalanche,"0x2f8a92d7cac62b9c328cb82ff0a81d681f4f22559260558e37f9b8c9125a4ac1","0x0fa4350a345f9244bdbfc8e7c4e9175022cd60cd",2023-05-12 05:01:18.000,Stargate,0.00000000,93.72783705
Arbitrum,"0xe82e3a8ae1361519aee58c0b24d7d9e21071416683a6543914f9fd9bb62ab57c",Fantom,"0x5f6b6362a56a51f7a05dfeca363b210dc2b97d9de67f2190e04c6865556f2acf","0x0fa4350a345f9244bdbfc8e7c4e9175022cd60cd",2023-05-09 09:53:42.000,Stargate,0.00000000,93.92922018
Arbitrum,"0x13cac1c7c022df26d658a707a52748c43bcd5ae1a91eac0050d0e223f78d3726",Fantom,"0x9dc6bd64bfc2a911669ee898ebd05a019567dd3eda1c0f05a7dcc2832d2088ec","0x416d0b761f18c013ad9bf2d2ad4591cea53329b6",2023-05-09 09:42:41.000,Stargate,0.00000000,93.96193028
Polygon,"0x87c1e1c68357dddab162f1790136ae104887cbb46de16e3ab500beb12e6749d5",Avalanche,"0xc886e2acc7eae94f4625d413adbd49bbb2f9fe5ede6d3f409e9a187abe7427a5","0x416d0b761f18c013ad9bf2d2ad4591cea53329b6",2023-05-12 04:44:49.000,Stargate,0.00000000,93.73860011
Fantom,"0xf5dca27649e462983b8a109d83d9be9d7f81c830f63a8046cba62789f463d812",Polygon,"0x0e7e8cd9e7a69b40b2d27d8f8e751baf02870625db5bb7086e0f3c2445f1c80f","0x416d0b761f18c013ad9bf2d2ad4591cea53329b6",2023-05-11 03:03:12.000,Stargate,0.00000000,93.68002362
Avalanche,"0xfde0fa111f1c75b8fb5c263c8b4a7d4eb68dbaecee9896a889f8042799846463",Arbitrum,"0x82ef7639cb7b1b68a961a068016598578583ff49b8ee14b58c6bcd4f0880cfb6","0x416d0b761f18c013ad9bf2d2ad4591cea53329b6",2023-05-14 01:30:23.000,Stargate,0.00000000,93.51485587
Avalanche,"0x088fc08dc7bf5ca74f53d49b2f720d0bde0e827b4ea10e51faee5b8c8f7aac76",Arbitrum,"0x76761e8ca0d2853484cb5706a6d9adfb143857655878e913dce03c073ca65685","0x290cee761cd6c1ec6fef092edd63b78815fadade",2023-05-14 01:50:54.000,Stargate,0.00000000,93.48424326
Arbitrum,"0x1d5f1cf9af43d47fce39bcb483972fa30fb0e8e7d1a94f778da2dc4bfffd4268",Fantom,"0xa117091f1d71b7aa5aa170a35ffd86fb99f548db7622469ca4c761e0d13d32e9","0x290cee761cd6c1ec6fef092edd63b78815fadade",2023-05-09 09:56:22.000,Stargate,0.00000000,93.90953567
Fantom,"0xe33328c0ab5338b8543d8f24c812a44c24761ce3786bb9d961e2a79a4c4ce6cd",Polygon,"0x1b574cc8d87960a49ef83f3017444f7eeba5636ec5520751a0205ce44141fe25","0x290cee761cd6c1ec6fef092edd63b78815fadade",2023-05-11 02:03:38.000,Stargate,0.00000000,93.64935676
Polygon,"0xb2ad8b777855b5c9afcc924861ceb8121e70ccd581dc20e3d0249704a6285df6",Avalanche,"0x9f22264cefdc5caf6a5508349d5526ddd48d7a9cd253ed74d5476aad890df559","0x290cee761cd6c1ec6fef092edd63b78815fadade",2023-05-12 06:46:45.000,Stargate,0.00000000,93.70791367
Polygon,"0x97dbcfda01d3849c7aeab9e599fe89ee5b1475bfa5270ebcf14e9ce36d4e411f",Avalanche,"0x014dd9672d1dccff4715b45f8b26ccb495235199add7ec4690b39089d5586f2c","0xe16051678e2e3f06ebfc87342008308ab8442988",2023-05-12 06:22:05.000,Stargate,0.00000000,93.67533032
Arbitrum,"0x1ec529f31e1a5c798d4463058221b252559c54a1c36f01ad711c7a5f19f54401",Fantom,"0x616b2e33fb3c73282c7f621b260a1aa77d1f7617a0a4905f02f0e261173ce6ac","0xe16051678e2e3f06ebfc87342008308ab8442988",2023-05-09 09:58:02.000,Stargate,0.00000000,93.90587397
Fantom,"0x2be69cac6e714f735e667341585eec1cebdea7286e8f5227483b57660f1bc599",Polygon,"0xfae6676b22559eb44b61eaae460781349da6f227599025516c4c9e3a592f9424","0xe16051678e2e3f06ebfc87342008308ab8442988",2023-05-11 03:27:31.000,Stargate,0.00000000,93.61679233
Avalanche,"0x17ddf3f2125a3832408c4a090d80dac394c120b56472fc523c200084c32ddd67",Arbitrum,"0x62682de2526f4f30ec36c3d8cc984848ace600795d6647e374d0a5efa376df2e","0xe16051678e2e3f06ebfc87342008308ab8442988",2023-05-14 01:53:23.000,Stargate,0.00000000,93.45173716
Fantom,"0xc48d832f8db1a06eeb3f96c3a0c45783a010171d9d165405e7efd426a5b1b9f0",Polygon,"0x638ae0754f94f4bc7abfb5e74a069ce959e30dba935f2a8e55cc31510608e44e","0x2584449f6343b0b36c7af79f1cd55c72af5546c6",2023-05-11 02:40:39.000,Stargate,0.00000000,93.68822343
Arbitrum,"0x22f8534491411449660d7cb9f1e4c6c4a8dd5f371d32f6b95e3b52f1b87dbabb",Fantom,"0x3bc1f8687e0271bf0bd8f13e8a8d469f3760711ba6770cccf88d3662a6e39a6b","0x2584449f6343b0b36c7af79f1cd55c72af5546c6",2023-05-09 09:43:21.000,Stargate,0.00000000,93.96186824
Polygon,"0xfe051e8bde071a453cc77f5b5a377b08f42ee2e0921dde1940013f7fe0431a56",Avalanche,"0x410b5e4de82217501e8215b918b5c2437a4f3878461b2e3e58d985e32af8c142","0x2584449f6343b0b36c7af79f1cd55c72af5546c6",2023-05-12 04:45:49.000,Stargate,0.00000000,93.74680598
Avalanche,"0xe0a96b75f09889bedef2bc1ef93bcac67148708e5c26eb6c708b1e616297949a",Arbitrum,"0x6d65cdf5c222553f72cbf7db28bb1b025cf6f066cdd1f3f1820c6a1556e6671c","0x2584449f6343b0b36c7af79f1cd55c72af5546c6",2023-05-14 01:31:23.000,Stargate,0.00000000,93.52304207
Arbitrum,"0x6b4fc276a69e5d5f0488881918b958e49344dfce6c34cece1ea98bac63667c38",Fantom,"0xf0dcbbb19ab247e6a88c1d4f33bf16a0bedcc497660c40c7b34cc5474b342712","0xc8975d9db50e13ea462edad9edbda3f0f14b1da1",2023-05-09 09:48:03.000,Stargate,0.00000000,93.94048248
Avalanche,"0x8f83708f52995dfdf8dd28efa7ac8ec3c6ec372856dd846d685684a2747ef3df",Arbitrum,"0x48c18ff9bb17f378e7a1ef94d23a6d6e3a8465aee59a38a8563c5eaf21e5cdbd","0xc8975d9db50e13ea462edad9edbda3f0f14b1da1",2023-05-14 01:38:20.000,Stargate,0.00000000,93.51657860
Fantom,"0xb753fb100ff3db17fb949fd53f3a4ac756b0d74568d849b20877aaf66e37ce20",Polygon,"0x25ccb70263b695a3d1f5678614ee8b4b956de74df52011c356ad8c6275a578e6","0xc8975d9db50e13ea462edad9edbda3f0f14b1da1",2023-05-11 01:55:20.000,Stargate,0.00000000,93.68174932
Polygon,"0xe1f40a62b137ff4cd74cb8f4c0286bf04c27a8ccebc572ceb1e1e872d7feb437",Avalanche,"0xe6beb1fb3afcc3ce711952dbbffe1bef3f01e065d9c01b4a7079e87074e854b8","0xc8975d9db50e13ea462edad9edbda3f0f14b1da1",2023-05-12 04:53:05.000,Stargate,0.00000000,93.74032693
Avalanche,"0x906ff6f412c67d18c446db69a17ac2fe4a9fa39c11497ca5e18893e00acd817a",Arbitrum,"0x76221d4736eb91dd6171e176807def754d291b27ffb4e4815473707b8ea03dd0","0x87d23fb76401871f1912de966996aad4ca515913",2023-05-14 01:55:55.000,Stargate,0.00000000,93.46404192
Polygon,"0x36ef1a4f190526b137ee79bbd897acc23bb3bf0995f39af4fc163eea5f686c34",Avalanche,"0x9b695e6954b57ff123511d3ae182a4a3e6123c459412e317c5a3154c76524e88","0x87d23fb76401871f1912de966996aad4ca515913",2023-05-12 06:22:35.000,Stargate,0.00000000,93.68766413
Arbitrum,"0x8e5b72a6c5d3698968d9926bd4cc9e2819c3fce9c9d263e75fd0d8a999c6a042",Fantom,"0x95650a8d540a91713b4a855273d784dcbd61a78db9cbf6d65e0349e7ad524595","0x87d23fb76401871f1912de966996aad4ca515913",2023-05-09 09:59:42.000,Stargate,0.00000000,93.89990257
Fantom,"0xbc615006ee41cf04c79f483fe43e45d6c227056d383afbd5552c4d7d1e457d63",Polygon,"0x2b2282df6bb11f5485a205b6f3100e1371f658f1d820eba03f818a8164eaa6ab","0x87d23fb76401871f1912de966996aad4ca515913",2023-05-11 02:31:50.000,Stargate,0.00000000,93.62911803
Avalanche,"0x8e025e8a1329530924392402278fcb3ea6f80e9d2f4679c24aa793bf8fbaecce",Arbitrum,"0x0618bdf89720fa82d5ac9e03ffe828b0cdd34a76be28f76a616919f8e6433342","0xa393ee223523b3201ab9831c3f5ca29a62417e11",2023-05-14 01:54:57.000,Stargate,0.00000000,93.46003720
Fantom,"0xf9d276cd52704a3f5396d1ef5343290c0b5209dff9e769395dd0406fa8c16784",Polygon,"0x83946207ce06b3935340a3f1eefb474d9161ab8898aaf5f3af2c6b1d4fd31ce1","0xa393ee223523b3201ab9831c3f5ca29a62417e11",2023-05-11 02:31:10.000,Stargate,0.00000000,93.62510606
Polygon,"0x9500b52010830a4b7c6dee56e14204fac410d7830299cfecda5540e9c6354266",Avalanche,"0x71c92e876e5b08c3a9c84477351f773f160d5c69a166778d931eb2996acf977e","0xa393ee223523b3201ab9831c3f5ca29a62417e11",2023-05-12 06:11:29.000,Stargate,0.00000000,93.68364924
Arbitrum,"0xa5826091a9d2f71329a541e233dd757387fd7d055dc1fcad8a8947c4042dffb0",Fantom,"0x43bad49763d8cca564112f917237f116c412d034e922855f8fc853e39ef255df","0xa393ee223523b3201ab9831c3f5ca29a62417e11",2023-05-09 09:59:02.000,Stargate,0.00000000,93.89538925
Polygon,"0x18e6f4f88222349aea7e154de3b0682389cc862fc0d5f8be29e83e886c139823",Avalanche,"0xa24d5df94476eb5c0b83dd297764c5a82eae3d42c0c292e50982acb132e373a2","0x39d80b7259ce738cdd0cf58b023fd99c79a3a522",2023-05-12 06:46:11.000,Stargate,0.00000000,93.79654740
Arbitrum,"0x337a80c167a89e368dad9fd4df2d9db49a4250314456a66594151183b57649ee",Fantom,"0xd8c4cb33cf376e8ae84bc68eb0b8e37f6b75dfc1780b78c17fa9cdd335d07277","0x39d80b7259ce738cdd0cf58b023fd99c79a3a522",2023-05-09 09:56:02.000,Stargate,0.00000000,94.01243951
Avalanche,"0x9c33cecf185a7ae8f51bcf9ba0503d6e4a63733c85657e935d25eba2e807ad27",Arbitrum,"0x0526717e0dbb682abb60d9f03f6652319a88665278bf82e4b1184811ab916b60","0x39d80b7259ce738cdd0cf58b023fd99c79a3a522",2023-05-14 01:50:24.000,Stargate,0.00000000,93.57266459
Fantom,"0xaf6bd45a908ae47dbadd057a85ad63c6b8f34d12bcbea12f429508b2a51ba6bb",Polygon,"0x01b999de2468f60264a75547cc2a9096e29c1d6c0be47799891bfa0bfa31ae6b","0x39d80b7259ce738cdd0cf58b023fd99c79a3a522",2023-05-11 02:43:18.000,Stargate,0.00000000,93.73793392
Polygon,"0x70e1ce21576649a490306eed97e8d254c09f55c7510f1c5fef287a811366a96e",Avalanche,"0x5f8932cfa9df62633f880bcd5318ade0175ebd32b408e206d0b2cfc4c4500efd","0x274afcffd6733242d0b7c2698eb30069aa5ffe1d",2023-05-12 05:11:18.000,Stargate,0.00000000,93.69662535
Arbitrum,"0xdb40a02d9b9ab345ab215f55d6e31aef890c6b6184e743eb32387a7f6244c05f",Fantom,"0x4627246d322e9bac7d95e5e64b648f8f37f77973e551851139f1fa66f21a348e","0x274afcffd6733242d0b7c2698eb30069aa5ffe1d",2023-05-09 10:06:53.000,Stargate,0.00000000,93.91372776
Fantom,"0x859f88036d2edf691124e34ddf5dfb603b6f5f545973028f6485428b47ec5690",Polygon,"0xed429f11b28c767d9025580826c93a3461d3918f4a0c37905378dc5072bcc5f5","0x274afcffd6733242d0b7c2698eb30069aa5ffe1d",2023-05-11 02:44:59.000,Stargate,0.00000000,93.63807427
Avalanche,"0xf7ea7aa9009528e9534ed172f78467a8936969efe0d94a1aa4950d96ab307cd3",Arbitrum,"0x42a1b0f9c81d0aa3f15db8524f3593d15a99e33d05a6af873c347df374d8a65a","0x274afcffd6733242d0b7c2698eb30069aa5ffe1d",2023-05-14 01:56:53.000,Stargate,0.00000000,93.47298113
Fantom,"0x45595bef0a854c9e8b4b19893ed84c986bd32ca508971e605cc463271b813b9e",Polygon,"0xa31258d6ea10be0a37ad7266b54b495f4599606f7825c3a082626612329a4ca8","0xdec59b26d663f1518c7fb5c1d69e23207ea88d9e",2023-05-11 01:52:17.000,Stargate,0.00000000,93.69921114
Polygon,"0x881f638cc07b36ad15d4c05422b26eb59d1ab0585ad6d2b2a6216887a56d898a",Avalanche,"0x745ace31a6fa63bcf3648c0aac73eabd892819870bb21c68490afe1017d418ea","0xdec59b26d663f1518c7fb5c1d69e23207ea88d9e",2023-05-12 04:48:19.000,Stargate,0.00000000,93.75780115
Arbitrum,"0x8fdf57e92a50efe5bee098b8640a1229260d343810ef53447a94804421c070a7",Fantom,"0x8314e8538bcf4b9c55249290ed546fc4c6929aba505ede3366c3c3004322bc8a","0xdec59b26d663f1518c7fb5c1d69e23207ea88d9e",2023-05-09 09:45:02.000,Stargate,0.00000000,93.95722882
Avalanche,"0x95c7aee7d37994b83370f5715efe9f7a352ac05fb08a1291fd6d9f0c7cb90d58",Arbitrum,"0xff961d6c5baa1ec38548760fbe47e00a5723d69a8eff041dfd53dfa2ccbd9213","0xdec59b26d663f1518c7fb5c1d69e23207ea88d9e",2023-05-14 01:33:51.000,Stargate,0.00000000,93.53401160
Arbitrum,"0x550bb7cc9015d7e7b57aa0539c7a1960e61d53ca6a7860aa77b686d6c1663dbd",Fantom,"0x4951d30f76a019693bf01f3248d576d71e81c3489c0ec108d90b32614383d4a1","0x390ed44de7f2954667a50c31dc72b7dec9e3b9d0",2023-05-09 09:48:42.000,Stargate,0.00000000,93.94006517
Polygon,"0x6b3683cb71e361618e136ce84053dfc22fcab95ad2eec1769590e35fc9f764cd",Avalanche,"0x411436653f734c10c4e6040e84723cb9711c78b99bbad95cc787b845380eea70","0x390ed44de7f2954667a50c31dc72b7dec9e3b9d0",2023-05-12 04:53:48.000,Stargate,0.00000000,93.73973865
Fantom,"0xb5cc3ab639bf58e4eb3f6d12d4b0201ca4feee68acca4b9601ab0f27e2f79184",Polygon,"0x6c5bf762547619516d3dc4198d96d735a654230f6c561b87b5ec5a173e4a01a2","0x390ed44de7f2954667a50c31dc72b7dec9e3b9d0",2023-05-11 01:56:01.000,Stargate,0.00000000,93.68116076
Avalanche,"0x2e9c3961e6ef032526f83b578c9247ce13a36cc1f89bd2ad9f145816468e1f12",Arbitrum,"0x896c68b2a521270d85304d73eed53420f39e243e72f650318b851991285442d1","0x390ed44de7f2954667a50c31dc72b7dec9e3b9d0",2023-05-14 01:39:22.000,Stargate,0.00000000,93.51599237
Fantom,"0x9d4d37c89b66005001bf686e8f0f0d6a9f434da6432d2e1a2e308f90881cc61d",Polygon,"0xf02ed6686419f3e20b05f24bd6889d0e8a19ca0881f6662259a0fe624330b240","0x2d60fb838854a378188e645d10d0f087d25ae26e",2023-05-11 01:59:38.000,Stargate,0.00000000,93.67975382
Polygon,"0x3e7ae9254f314cc1ccf0748621b945e46af14eeabec3a097ced8c412f1e9875a",Avalanche,"0x1844466847a675a87dc4921f9f4273a048c5180f524f72cb40b586b62b3cfab1","0x2d60fb838854a378188e645d10d0f087d25ae26e",2023-05-12 04:59:18.000,Stargate,0.00000000,93.73832999
Arbitrum,"0x8e18ba1ab801c848ea4263a6558d7726e6af623a31e9a73472a073a1d7695681",Fantom,"0x9974363f404c8c2749b9be9e1147ad8ac5694617cdb8bcadb12a9eb8e4c8be6e","0x2d60fb838854a378188e645d10d0f087d25ae26e",2023-05-09 09:52:21.000,Stargate,0.00000000,93.93963285
Avalanche,"0xc80f0b57fde2c8762ffa790b68ffa58d290bc60a3c2f8fae955bac06bfb431b8",Arbitrum,"0xcfd6762a94ca26f668544f03b337af4cdcef1e48008694f57e45f52d251dc849","0x2d60fb838854a378188e645d10d0f087d25ae26e",2023-05-14 01:44:53.000,Stargate,0.00000000,93.51458623
Polygon,"0x184dcc4fa0daca326a29e4e76baee3b20cd4875a830acac551fe02878c35992b",Avalanche,"0xba49f2a2cb81cde14227a2691fd3e98f5f5ba4e5887300182fe625847f5cb2cc","0xb3ce1c64e148e49ef81c3112c4775c42784cb0dc",2023-05-12 04:58:48.000,Stargate,0.00000000,93.73018215
Avalanche,"0x789e05826e2ff1af80f2aa1ce7ab136a56fda93bf176c8e5c848717831486bd5",Arbitrum,"0x1c10d3866e3828b2b0771df58f65d0b054e6875bd237e0f3fd51f68d81cfa7b4","0xb3ce1c64e148e49ef81c3112c4775c42784cb0dc",2023-05-14 01:44:22.000,Stargate,0.00000000,93.50645795
Arbitrum,"0x10c79ed11c870fb4f534b7c0510a33bf94b7249e72cb95e922cf0b086b4cf574",Fantom,"0x71eb901aa139324b0fc7368bd728a1abfc380fb55336903cf39d726a47282fa6","0xb3ce1c64e148e49ef81c3112c4775c42784cb0dc",2023-05-09 09:52:01.000,Stargate,0.00000000,93.94009319
Fantom,"0xd706f3f71507f8eaf2aa2effafe1497db54eb526fdeb8a91b1c57f3f3459744c",Polygon,"0xf9c2279c33442239ee526ccad29babdd5c34fd3b3c3f99dff0ed296c77905670","0xb3ce1c64e148e49ef81c3112c4775c42784cb0dc",2023-05-11 02:27:40.000,Stargate,0.00000000,93.67161097
Polygon,"0xf0df92545ace0ada68c20d394ea08299655ba7227089e819e59c2d13b6cfd764",Avalanche,"0x06a9e5ba1ecc6032b419124bbc8a77c6733755b066785a3377858cbc96c7b62d","0xcf21b93609d807d28a5bd799facb129526b9a276",2023-05-12 05:08:52.000,Stargate,0.00000000,93.68000352
Arbitrum,"0xeb4bd46c7c42ceff399f9062eb15af871ce5b94b729649fdae25e7d6124602ec",Fantom,"0x62f26c3dac804608d2ef9a7641bd5e489083f3e6661ff857be2b27333f6af84b","0xcf21b93609d807d28a5bd799facb129526b9a276",2023-05-09 10:06:34.000,Stargate,0.00000000,93.90363132
Fantom,"0xfaa8116138f332671841ef26bf27c9fa58a2b8be92022a0205f816fb8cc97f75",Polygon,"0xaa0564bf6cf25284f166007d11300e751d053a03cfabfb32120e9568b137240f","0xcf21b93609d807d28a5bd799facb129526b9a276",2023-05-11 03:06:09.000,Stargate,0.00000000,93.62146381
Avalanche,"0x44e74f4933488ecfb53338f931f2a0cc13195367f99da6c908e76d4327c55c46",Arbitrum,"0x7c27b3e7ebe62efca0ce357601cefaa9463d819698bdd5f45cbf961239511e0c","0xcf21b93609d807d28a5bd799facb129526b9a276",2023-05-14 01:54:23.000,Stargate,0.00000000,93.45640000
Arbitrum,"0xd491697531babb6ec6f29f820512f4f6007a3bf220f6a4b1f60e020902664e73",Fantom,"0xde41d2cac93fadbc61396a857debb041fcc2af48cf0e8c4b29c7e6a729e01b01","0x1f277aaccc68872beacfdba5a545a9e319734b9f",2023-05-09 09:38:41.000,Stargate,0.00000000,93.83855536
Polygon,"0x1c2d8901b432365b5722a14141b07d39def1e231c3bef09347f415a91ac6ed2a",Avalanche,"0x4b7000093166d5041f7379768a92884ce5ed406d04d62bc4ee401fef76a1a325","0x1f277aaccc68872beacfdba5a545a9e319734b9f",2023-05-12 04:38:49.000,Stargate,0.00000000,93.63203094
Fantom,"0xcee956224640a833f39d94eab48880c0491f143a87368d54fa14cc7b5b3dc5b3",Polygon,"0xe5256c1ea7ebf0e2faded6e2bcac1d4bc0bc2f1d935fdb4f884dd83f93b58042","0x1f277aaccc68872beacfdba5a545a9e319734b9f",2023-05-11 02:21:50.000,Stargate,0.00000000,93.57352099
Avalanche,"0x1ad0006880199bae315c393f25cbf569662168a5dcfc48b9da1fcdd6d1c598ab",Arbitrum,"0x9284af6b1658df50cb3c66c83d7ce37a7e125f8c9695c91ebd488a7793b5d1c1","0x1f277aaccc68872beacfdba5a545a9e319734b9f",2023-05-14 01:24:22.000,Stargate,0.00000000,93.40854215
Polygon,"0x26331c63994a64e5cec9db90c76038f13756c32fd641758c4af3dab8e02d7a54",Avalanche,"0x531edf768bc7e6cd38d57a3e3a00c54cf35385d1b3414e0dda37f169e5f7b92f","0x59e008af1859b134fb38b4d5ddfcbabe8b9348e9",2023-05-12 04:59:50.000,Stargate,0.00000000,93.71859269
Fantom,"0x9846688829f181611b03c543edd1f2c0004599c9ed8ffc0b1b6779a395bb3e22",Polygon,"0x6a0aef097044ff0315ca50ca7c114fe415f6bb6b2c2f8e12fcdef172e9d80eb4","0x59e008af1859b134fb38b4d5ddfcbabe8b9348e9",2023-05-11 02:27:48.000,Stargate,0.00000000,93.66002871
Arbitrum,"0x2f2c7f37e2db0073097cbf7ac0a2108a7865fd6ca1e5e77938ae2df67b2d9903",Fantom,"0x4a37ff465a666912f4bc12197917e21dee1c34608df4deb42ef9879ea64170c2","0x59e008af1859b134fb38b4d5ddfcbabe8b9348e9",2023-05-09 09:52:41.000,Stargate,0.00000000,93.92927222
Avalanche,"0x637cc339dc7512aa9287a074ccb67755353ee6a153e03818ded8dd0c8d1dc127",Arbitrum,"0x2fa8e3a25cd5f36f3156c4209ef82dffe3608a5507ae9d7f944d70f8c697ecfd","0x59e008af1859b134fb38b4d5ddfcbabe8b9348e9",2023-05-14 01:45:22.000,Stargate,0.00000000,93.49489621
Fantom,"0xd745a7173fa3a60f9a9c380885661edb5f0f2460c5e52ec8da7109c7d8201eca",Polygon,"0x553c95ef8565e119cc9f0888c5bc158802b8e7979836b5eb5f5b3e088196f1f4","0x7d28f51c6d5a532c6f2d34dcf3ea265701eb82c4",2023-05-11 01:49:31.000,Stargate,0.00000000,93.67261121
Arbitrum,"0xccae086098a36f4fa5b533a6a6cdb1eee75806390ab479c96a607541b53efd23",Fantom,"0x9eb1c49cb4eb92e21c5fd5cfa81091878f551cfa17869ee2189f27bdb92a2112","0x7d28f51c6d5a532c6f2d34dcf3ea265701eb82c4",2023-05-09 09:42:01.000,Stargate,0.00000000,93.93003278
Polygon,"0x785ed623273e4784421d11cbbf31c481ba6e8fc96bdbd476671ac88ad656c9f1",Avalanche,"0x0bf1ae2a900869a650166bde79668e6f2a52f44017264ed6c2c4d2a817ba4eb4","0x7d28f51c6d5a532c6f2d34dcf3ea265701eb82c4",2023-05-12 04:43:49.000,Stargate,0.00000000,93.73118362
Avalanche,"0xd1fa9ea54659e0dc453e2cc3c70f0e85a39a2027b3aeb49e69cc648bed55a8a6",Arbitrum,"0x8c71eb9dc35cb486e34aca90f51f8df4cedaee4336a0a2a3620eeedbeb86e5e8","0x7d28f51c6d5a532c6f2d34dcf3ea265701eb82c4",2023-05-14 01:29:23.000,Stargate,0.00000000,93.50745763
Polygon,"0x75bccdf44e46529021d3891ef734f1e6742331b992c6b44d26d5d508e550c4a0",Avalanche,"0x413b09b7ab5743108859187d9547ebfd6db84c0bc060f3e9144b3db856e64809","0x2fde3e0b57d610ca2ca2e1b76e6e2fa4e3de54f7",2023-05-12 06:01:57.000,Stargate,0.00000000,93.64074104
Avalanche,"0x96c434cd90fc0ebd6c763b7839a0145e3b771e2c5abc17ee8024b2ed3c33789d",Arbitrum,"0x97e655ca264a506dbeaca2c09532fe2e3426d6613fa6210107ace4743f201394","0x2fde3e0b57d610ca2ca2e1b76e6e2fa4e3de54f7",2023-05-14 01:23:22.000,Stargate,0.00000000,93.41723069
Fantom,"0x1ed533b6cf741bc34fab406f6514b22cfad23fdd2a7fc4783648d52521ac7d7c",Polygon,"0x6fec0102170fdb42fb7ff11190f5477ff5ae5d8d1cfbf2d957f532c480c283a2","0x2fde3e0b57d610ca2ca2e1b76e6e2fa4e3de54f7",2023-05-11 01:45:26.000,Stargate,0.00000000,93.58222542
Arbitrum,"0x604280f55a0e422cf6eafe46fe0f21c6e930ecc220bacc584c521cc86917bca9",Fantom,"0xa7c8a767d9a22fa31af19d3cb61aa159a93d4ae413796d0ab5cc38b2fe8b1eb5","0x2fde3e0b57d610ca2ca2e1b76e6e2fa4e3de54f7",2023-05-09 09:38:01.000,Stargate,0.00000000,93.83837423
Fantom,"0x4697c4d38f0d152d2780c40f9ea2a4433be4d299fd0048ba49e41cd085da231f",Polygon,"0xfef0c9b342bc62825d801ba0487ba61bed8a4fc6fd44363a49eb5f8481574e04","0xf8115005b81208e3ea165a668dc6cdde7a3bc4d1",2023-05-11 01:53:58.000,Stargate,0.00000000,93.68269560
Polygon,"0xa129cbbbdd18e29dc4e65b3500e7ba71624d8f6f6642edf2e5ef3f991f766e56",Avalanche,"0x66bfadd7e0c61165d79d55d6bce1abd93d56ffd933751d53766649d1bdaa6448","0xf8115005b81208e3ea165a668dc6cdde7a3bc4d1",2023-05-12 06:04:29.000,Stargate,0.00000000,93.74127437
Arbitrum,"0x587b6f4ff6762c5240c00e52ab600d1f9297bb05a7da5ef9b43e70d5f3a01886",Fantom,"0xc1c807fdf4fe005381ce1447bf86c79cb5a5f73b72ad2c593780881953e03558","0xf8115005b81208e3ea165a668dc6cdde7a3bc4d1",2023-05-09 09:46:41.000,Stargate,0.00000000,93.94092380
Avalanche,"0xbf3fa7545918b093219589fd6c18b7e2d0305bc1120be0729155c8e8892f76d8",Arbitrum,"0x6dbcbdff67c12b0d4c1168d553ddf63e49867b19349ec177ff83abd2e531e0f0","0xf8115005b81208e3ea165a668dc6cdde7a3bc4d1",2023-05-14 01:36:22.000,Stargate,0.00000000,93.51752435
Fantom,"0x9b8094284705214a92a176752ef502ba2220b5082151527db44520e47956b1cd",Polygon,"0x06add7d4dbe2dcc9292eafeb06b1e4920f64193d5aac7947b9e2b7ebb2a0a43c","0xf0b83cbb542718533dec598b9dec95117faf141d",2023-05-11 02:22:52.000,Stargate,0.00000000,93.69733556
Polygon,"0x88c4cbf795e71a259680e43dc38c985019416ceb11154c823091fd47cbee21d4",Avalanche,"0x0acffff09a68fd1fe400e99ca1c6e25d318e31c3f18e4cf86468d8ba84cd2bbb","0xf0b83cbb542718533dec598b9dec95117faf141d",2023-05-12 04:41:19.000,Stargate,0.00000000,93.75592327
Avalanche,"0x0c1bcc701822c6d9e1c3625e5b351973d46b12e52706f7e0b54cf82a0a23f090",Arbitrum,"0xa419caabfd69c5098aaa638c9911604725d63b8164c8d23b018158574c8c5607","0xf0b83cbb542718533dec598b9dec95117faf141d",2023-05-14 01:26:51.000,Stargate,0.00000000,93.53213807
Arbitrum,"0xefa9593ca1c03de79494d847b654e43d9cbe53871014284a1f3c6b9128306cf0",Fantom,"0xdff66ca30ab0baa41df1f6d672082f7679895ff31a66ca6a877167cc2c79e353","0xf0b83cbb542718533dec598b9dec95117faf141d",2023-05-09 09:40:21.000,Stargate,0.00000000,93.96370659
Polygon,"0x15299d1029fa42ea05eeff1b395a3e5a4bf798906249b3493a7074b679921b13",Avalanche,"0x1892c03efc9cf189e9e339a5ac51da968ceec53262e955805d745e0cc30a184d","0xd0c5d5b637f19dad1abad2834c98fbc13ba3f8f8",2023-05-12 04:37:19.000,Stargate,0.00000000,93.62335785
Fantom,"0x803985ad310ecee7c5dd3dce294ed6d9d877477953d4b869eed366fb1465ed4e",Polygon,"0x51a778f33817acc934e2ed67dedbd6b751a16e5268b2409adfd6539f70cacfb4","0xd0c5d5b637f19dad1abad2834c98fbc13ba3f8f8",2023-05-11 02:21:14.000,Stargate,0.00000000,93.56485253
Arbitrum,"0xc7ee777e3304a445fc7df0cd7e311f616e823b1d74b648e5dfe7d813a7552118",Fantom,"0x7b2b4e23b6fe9f5efba621629147a2162d6f3a9fc0361c6a63aaaa8d58de3db6","0xd0c5d5b637f19dad1abad2834c98fbc13ba3f8f8",2023-05-09 09:37:41.000,Stargate,0.00000000,93.82863905
Avalanche,"0x0c274e516399e5fe0e1d61b093760b79a75ea34cc6f501b18ce035f06db72612",Arbitrum,"0x7438fc00e61d294f85f9c6012caf8b8a398462a77495017578580c4f1ffb3c81","0xd0c5d5b637f19dad1abad2834c98fbc13ba3f8f8",2023-05-14 08:27:05.000,Stargate,0.00000000,93.39988957
Arbitrum,"0x769cbe6934862f7cfe50f0800377d6a99c8206ba182a8bc8c4a621102aac88dd",Fantom,"0x1cd0f11419f32b578511b24ca733945bffdf3f51afadff0e885e907aff142264","0x2c39fbd7b784fd1bfaa7ff5e9500b01925909f7a",2023-05-09 09:53:22.000,Stargate,0.00000000,93.92924119
Fantom,"0x61d10dc4a7cafd65a1c4fe6ef32282ac33a2280f4f71e981667ea974495ae5a1",Polygon,"0xe8152e17a7e011c9731b8b942ffaffa92b67060d1c4348c487033b1d1505cf69","0x2c39fbd7b784fd1bfaa7ff5e9500b01925909f7a",2023-05-11 02:00:38.000,Stargate,0.00000000,93.66932070
Polygon,"0x256d68538c3f772b6909289b49513568417fff78b83c5c171385ffa86292f679",Avalanche,"0x179cd768c8a69b08d56ae8a96a7e9067ac9f4a8b6e1fde26ea1fc62d8b4f4785","0x2c39fbd7b784fd1bfaa7ff5e9500b01925909f7a",2023-05-12 05:00:50.000,Stargate,0.00000000,93.72789007
Avalanche,"0xe297b644e6c30ce80f001c0272ca0741255901e85ebfe675856788d59507d95b",Arbitrum,"0x7a7cf8c7fc7927bcb3c5873baa3a9b846554f59ca02d65c4e8396c6b5c802031","0x2c39fbd7b784fd1bfaa7ff5e9500b01925909f7a",2023-05-14 01:46:23.000,Stargate,0.00000000,93.50417197
Avalanche,"0xed28ee858d840d79c14437ed5217f3dd565c3fb54eec23679b43e0271c446fcb",Arbitrum,"0x2ee4305cfa86b4eeda8a5ce58ae96e7ca93a62e1384b0a29bec9cd8a87e964f9","0xb3f92f4c26576ffeeec77b7344440e1fd57cbdaa",2023-05-14 01:26:22.000,Stargate,0.00000000,93.48819006
Fantom,"0x7c29855f4a90a33eb0080656783227b8671cad4ac7d9a721e9e1fba16f3a745d",Polygon,"0xe17010faa69b104c5c7a185c947ff188fdbdc93be02aa041a8878779e047a029","0xb3f92f4c26576ffeeec77b7344440e1fd57cbdaa",2023-05-11 01:47:21.000,Stargate,0.00000000,93.65330878
Arbitrum,"0x274d0f880aef19e2824e821b00bb70e6f24e9a9f23d766ffbe326a1f61b0dd4d",Fantom,"0xae1c78c18c7e96db186dea429ec1cbc22f5258d69b299b0355bc8e40aace6db9","0xb3f92f4c26576ffeeec77b7344440e1fd57cbdaa",2023-05-09 09:40:01.000,Stargate,0.00000000,93.91013211
Polygon,"0x9a71512a7d98ed3d30a22f4934b49114dd0fd32c0a13c28667a697d358d3bad5",Avalanche,"0xefd3b15c8058e1eeca97063638dfd6512a29b6a6d71d01d375f412ee9873c646","0xb3f92f4c26576ffeeec77b7344440e1fd57cbdaa",2023-05-12 04:40:51.000,Stargate,0.00000000,93.71186953
Avalanche,"0x57e83972680c80da63d71deb279c01ee3c40736e3e25ff068d7c417b0ac71ad1",Arbitrum,"0x40f581164371a2a914870037895e510086743f91df487080c4c717d2805557a4","0x99374cc0db07f64b7b110f1cb6d7bbd67c79f984",2023-05-14 01:38:52.000,Stargate,0.00000000,93.51605429
Arbitrum,"0xc5d8e8f498b805b74a457bc29b014494cc2dc150bd2dd403914182d403c07e6b",Fantom,"0x987c99fd47ce03987d1ffc66d05a7fc56160d95d004a832aa50fe2090e18afad","0x99374cc0db07f64b7b110f1cb6d7bbd67c79f984",2023-05-09 09:48:21.000,Stargate,0.00000000,93.93999512
Polygon,"0x502802e28c11c841a8c98614dde29df295a6d55d56c0668bd74f8e72c49d5a62",Avalanche,"0x5a4a6c3cdecfafd03c3c0b710ff7fd605c24558d81a724379005de5f5f7d8ea7","0x99374cc0db07f64b7b110f1cb6d7bbd67c79f984",2023-05-12 06:54:29.000,Stargate,0.00000000,93.73980068
Fantom,"0x9e21be2a1ab52b98c1d1b50d7e0c3a9ae6449b7b5eb2277b815b283d5b9d4b97",Polygon,"0xc1e257e9caff69b407f83bdba758cf7221639a601920419f9f5e661b14a3dc5e","0x99374cc0db07f64b7b110f1cb6d7bbd67c79f984",2023-05-11 01:55:41.000,Stargate,0.00000000,93.68122271
Fantom,"0x9883408f5ee8d49768f30e5425c87267ffb54881067a5c5c8c7f5f2f6686558f",Polygon,"0x872f93c8dcbea8b5f5960e1b324b67d568d5528f7d9b16f525df38a200fe589f","0xd711ed1f9d1b57cd0ea6db34673ecafbbd2dc64b",2023-05-11 02:23:13.000,Stargate,0.00000000,93.67699291
Avalanche,"0x4cea752f09bbd811d4ee315f060021cf940bf5ee7b99c376bc260086c0648e02",Arbitrum,"0xcd964401a5d4d493af11f166fcf8661a641fc2e4d470993b248ab698502022d1","0xd711ed1f9d1b57cd0ea6db34673ecafbbd2dc64b",2023-05-14 01:27:20.000,Stargate,0.00000000,93.51183186
Arbitrum,"0x83d72be8fc9aaf747fb6cd866237935658d9d2ff5364bd84236308c675b71c98",Fantom,"0x114916673a8a29c916b0dbbe7727ef3e5038727b083a333b1eb56b9121550f33","0xd711ed1f9d1b57cd0ea6db34673ecafbbd2dc64b",2023-05-09 09:40:41.000,Stargate,0.00000000,93.94334359
Polygon,"0x3863d7b858a6ee0bd9e2dc142962803b1486c7b0aec516d7541536be406e2c1f",Avalanche,"0x5f8cc6650a66c0231e18239c90c19266ea1555bfac4c54cd768e32265d705542","0xd711ed1f9d1b57cd0ea6db34673ecafbbd2dc64b",2023-05-12 04:41:49.000,Stargate,0.00000000,93.73556869
Fantom,"0x8ce175f4287e5459563c65014b2b56c87d8601cb114ab15cc17b1c23a1c92264",Polygon,"0x9b4d0949330c059a49a631549206aa832128f1031c7367a9872420989565de21","0x110b9dae59004791a240ddc385a0ed71591a9b31",2023-05-11 01:56:59.000,Stargate,0.00000000,93.68149151
Polygon,"0x70a37d63b5a984bb809b42728fb0b4e600c4282f7726fd86b118b11b78cc11af",Avalanche,"0x622edf2815f8c23d0b8d9cf94cbb63df129db17b68b0af131b81a6c48bcceeef","0x110b9dae59004791a240ddc385a0ed71591a9b31",2023-05-12 04:55:20.000,Stargate,0.00000000,93.74006881
Avalanche,"0x12e426c2aa11877eed2c5adda0a25c6845b919cbda3fe4de6020815c234b864d",Arbitrum,"0xe67676e5889d077180be37bee8e7864038b4d4a6137422ec3ba0720daa993cdc","0x110b9dae59004791a240ddc385a0ed71591a9b31",2023-05-14 01:40:52.000,Stargate,0.00000000,93.51632194
Arbitrum,"0x033ad890357e39ae45ba1c2239e9560fcbef172c6bf9a839750f804013006133",Fantom,"0x0123d37bf25a75620871e5f369480237a11c806163146145522739ba78d1490c","0x110b9dae59004791a240ddc385a0ed71591a9b31",2023-05-09 09:49:42.000,Stargate,0.00000000,93.94071465
Fantom,"0x104a538cf97ce87ad4f2da18d074d4babfc7e9347d5ddec2164b628d7843e350",Polygon,"0x5da711d495d16bfc5d98cb11f7ea08bb80e6daa238477cfcb0ee60fedf7c9cb7","0x2c84f60a46d74074d403df7b1681f1cb48df8360",2023-05-11 02:23:48.000,Stargate,0.00000000,93.66279862
Polygon,"0xfa8063933555c9ca294bc03cd0cf6d112d9385701a386dbe71989710aa2cc5b4",Avalanche,"0x20e65cdb7b367b9d3552c9ef001c7041a9a961529177b0b700fd90f590ebe703","0x2c84f60a46d74074d403df7b1681f1cb48df8360",2023-05-12 04:44:19.000,Stargate,0.00000000,93.72136500
Arbitrum,"0x4e1ff6e972e712dd018cd0300029886a464574768b60bb58548b9b9f6a60743d",Fantom,"0x1236e0d52fbece0c71df8237c04f23a0a1330848470ad6f2a4dd72a2c4eafd5c","0x2c84f60a46d74074d403df7b1681f1cb48df8360",2023-05-09 09:42:21.000,Stargate,0.00000000,93.92958445
Avalanche,"0xe9be0bdf28fdddb4d5737c2b89afc0536f78bb5e947daa46f16ac708263d139a",Arbitrum,"0x1b3905e310e1e89245b5833afa7835c26e3d1ffd3d8450593f861d0301a72814","0x2c84f60a46d74074d403df7b1681f1cb48df8360",2023-05-14 01:29:52.000,Stargate,0.00000000,93.49766256
Arbitrum,"0x71f7807614f21e5653fc3df7f89776468828ecb312ec888323922170186c105e",Fantom,"0xf700f3e2a21b9168a90d29da75f5f228d7f68f66a822410b8e9f6ca4f5982785","0x22b9603c19c956874f9eadd81a6c7e26375c11dd",2023-05-09 09:50:21.000,Stargate,0.00000000,93.94081472
Avalanche,"0x5894cd2600e8373ca1d04927ee128760a6cf13cc8b2bb4185b1abcf8c35fd1ef",Arbitrum,"0x074754b2665364145277a808582f84d6ba0fa06428d18d2cf8ed66dce87107cc","0x22b9603c19c956874f9eadd81a6c7e26375c11dd",2023-05-14 01:41:52.000,Stargate,0.00000000,93.50726888
Polygon,"0xbe9c2504dd4a57bc83e9cd47a60187bb8c8bfb118ac6aefa43c54d536866fe34",Avalanche,"0x08d6673228fc0f24aa9b9f38ca2b33c278a2888c769c1627269fd0aaa182c1b6","0x22b9603c19c956874f9eadd81a6c7e26375c11dd",2023-05-12 04:56:20.000,Stargate,0.00000000,93.73099453
Fantom,"0x2967b6bc13479c72087887acd7b3a5ad87c1f67eb6bb880dbbfa0b7d9ea9b881",Polygon,"0xaf925764cedc34309b56bdaa5829911b20caab2d53ccd10e5560014fb7922137","0x22b9603c19c956874f9eadd81a6c7e26375c11dd",2023-05-11 02:26:52.000,Stargate,0.00000000,93.67242236
Fantom,"0x08350fd9307aef1b89bb17a3e1f272318ec70ca69388883d93ef7baa391839dd",Polygon,"0x2e39f3cc89ceffcbea2f127f700e1dae005c173e9fa2a45b66e97f4bb9c6f5af","0x7dcd2d70a90eb33f26713e562a145f234c05570a",2023-05-11 03:10:32.000,Stargate,0.00000000,93.67357648
Avalanche,"0xd4276ff2b348a4148725a36bb8bb3c5849f6ff53e3d689ea70df4d472e9dc3ed",Arbitrum,"0xc871b1911a0811779cb10f7725b6142039ba647ac2c8e57f8fc71bbb2d02d44a","0x7dcd2d70a90eb33f26713e562a145f234c05570a",2023-05-14 01:33:21.000,Stargate,0.00000000,93.50842036
Arbitrum,"0x309e7d0b96e920347d17b27e2b6573486c6b444ef0dcffad003f241df87e28e2",Fantom,"0xa9e648c2438d356bda35a554f870d4b85240bc3ded33caadf0b738b283197488","0x7dcd2d70a90eb33f26713e562a145f234c05570a",2023-05-09 09:44:41.000,Stargate,0.00000000,93.95690858
Polygon,"0x7d33774ecb3e1fbac2cec42f634f32bce901f4c47dc36a9539e6d744bdcc6eb7",Avalanche,"0x8cc117bbb0d8af63b92c28dd2db4454f093795412a5884635d564862adbb3f84","0x7dcd2d70a90eb33f26713e562a145f234c05570a",2023-05-12 04:48:51.000,Stargate,0.00000000,93.73214908
Fantom,"0xa0fa76364e1d6531c5a436a4310373e4e509d42b5b76e1d8c01bce213b69dc85",Polygon,"0x0503d558c6701e694c866972752f874a05750969393a69c38a054d2b34119e42","0x7b486bff54fd52341edf2ff6a36a1d730ad43998",2023-05-11 02:05:38.000,Stargate,0.00000000,93.65329679
Avalanche,"0xffdf047597cf965a5fa10acaa612cd81d67b85e223f6d81354b2f144f9a7fdea",Arbitrum,"0x0259bb6e2b48e4232a38c38da15f015aa35f2a3feafe4f6843b70bfd2f0d5cab","0x7b486bff54fd52341edf2ff6a36a1d730ad43998",2023-05-14 01:53:52.000,Stargate,0.00000000,93.48817807
Polygon,"0xe2cc580289f67c4be1e51275dc5ade9cb0349712dd9fb499d97fd60e324d6a9f",Avalanche,"0x3c035d7dade6e09833de26719d02a4b1d75d4af7555aaa33f89ab1efc9df7ff7","0x7b486bff54fd52341edf2ff6a36a1d730ad43998",2023-05-12 05:08:20.000,Stargate,0.00000000,93.71185752
Arbitrum,"0x3573ca70d2e61dd44af265f13a3f331527b230ff92b3d036399ea4b33330165c",Fantom,"0xd36ec9b4227bccf935be8d70cd15cb419d305227abf3115cfc5586206034537e","0x7b486bff54fd52341edf2ff6a36a1d730ad43998",2023-05-09 09:58:21.000,Stargate,0.00000000,93.91405200
Fantom,"0xc9a2b547b85f278891043066d2339614c25fc7ed0148511a5e054fc3a6c0247f",Polygon,"0x2601ee77d5cd9593d23ec71aa25bc0b9d0d909be230922472f6499c97419f555","0xdffdc356959bddd40f8a5d1f9dcd075f018685b9",2023-05-11 01:54:58.000,Stargate,0.00000000,93.68200512
Polygon,"0x975176308a689329f1694478c58cafc32184efb8df9e3ea52b11f1e5e00cdca7",Avalanche,"0xf438748c0bafbab4afdb08f62567bf6799a3a44d832f910488d20c82d14941ec","0xdffdc356959bddd40f8a5d1f9dcd075f018685b9",2023-05-12 06:04:59.000,Stargate,0.00000000,93.74058305
Arbitrum,"0x161907b7e0cbc2e2c3e1afb10076d62ad9c15c3a467e5e20eec565b7b4103020",Fantom,"0xf8766494be866a842bf8a60354cf002b5fdea41645abb6b92841a476bf3a2127","0xdffdc356959bddd40f8a5d1f9dcd075f018685b9",2023-05-09 10:05:53.000,Stargate,0.00000000,93.94070264
Avalanche,"0x706bd35ef9a5dfeb9a4368c1b49ad8c01e9a24df31fd9b2d55a03d7d40f6ed85",Arbitrum,"0xe0f1ba4c1f2ba6985976795e1917b854f6eaf9186ba0502b89530ac4ea436bdb","0xdffdc356959bddd40f8a5d1f9dcd075f018685b9",2023-05-14 01:37:51.000,Stargate,0.00000000,93.51683426
Avalanche,"0x25a4247ebb22ea7a9803e2a57656b48c1c3c56f60aab27705e833db687ced587",Arbitrum,"0xad9969d2fea4fd35142de16f36f2d592c1fcd819ae18ef93f4583f9cd5d5bd98","0xbe0d96e06d6f191c026ed91417c72c04254b3d4e",2023-05-14 01:32:23.000,Stargate,0.00000000,93.53446500
Fantom,"0xefcf7f6035a194dbf5b8ad9acd9e7c9dea2ebd581662327528f5c97cf8aabc7f",Polygon,"0xabadad301ccbe6eeb1bac95aa8278a72f369490d7579950161f9c5edf59928b1","0xbe0d96e06d6f191c026ed91417c72c04254b3d4e",2023-05-11 01:51:21.000,Stargate,0.00000000,93.69966780
Arbitrum,"0x54a9d05a97869f30b064b34679b747b6ad871d4cb316ee533821c2612d04d18d",Fantom,"0x272580ce8eff85bd7b55497031d38846db6e086f7514d50f31a6a383ad91ac5b","0xbe0d96e06d6f191c026ed91417c72c04254b3d4e",2023-05-09 09:44:01.000,Stargate,0.00000000,93.95736192
Polygon,"0x282756c9bfacef4f02fad700adc51fe97343dd909f218b7c0c069bea8514347f",Avalanche,"0x3e7aef51cd2fac466d6cc7e8d7ff82a8f130c49c17dfdb5667c9bba9322d005f","0xbe0d96e06d6f191c026ed91417c72c04254b3d4e",2023-05-12 04:46:49.000,Stargate,0.00000000,93.75825637
Fantom,"0x73deec615ff6373b55b597b1eb3c07f36e8589867db90382edd74b302831746d",Polygon,"0x31031079f6c12e31f75199c66748c1107f84a4e8e76a33437260137ceb1d1eef","0x74b636fef8c6fed83732dec3ec5e65a5a7837c60",2023-05-11 02:44:38.000,Stargate,0.00000000,93.61921451
Avalanche,"0x5164936c4b9e9cacd0ce8da72cc55d1e5fb8a34c01a8bf265b3673296b497fce",Arbitrum,"0xa661b38d0252a14a931321ee61552a7ccce28e2fe93f75bd5e4001275b64cd1e","0x74b636fef8c6fed83732dec3ec5e65a5a7837c60",2023-05-14 01:55:22.000,Stargate,0.00000000,93.45415596
Polygon,"0x00c09af743e820209f5734a5862ade7a7781d93672bfb24f582258b6852db008",Avalanche,"0x7d00623d859f9b73e8344dd72de50d7256ad5644fa0315e82df4db296df76fb5","0x74b636fef8c6fed83732dec3ec5e65a5a7837c60",2023-05-12 05:09:48.000,Stargate,0.00000000,93.67775447
Arbitrum,"0xf9660bf3474f71783ef5df4021d565ebec935d85aa5241d8de630a04320371bf",Fantom,"0xf6ee1c9bca8bc5795aa66b0d9cef32db07428e33efe4f0cab4fa22aef9161535","0x74b636fef8c6fed83732dec3ec5e65a5a7837c60",2023-05-09 09:59:23.000,Stargate,0.00000000,93.89408629
Polygon,"0x5a863289902f0f2020f910f1a02543cf636b426e288f6a670a9c550628319437",Avalanche,"0xd64bd446125006c393f1274c03f499b3afba4ec0f0e7b83972076bba9e5247c7","0xe387549913167b6ddfb3766d410cb78e9ef3cde3",2023-05-12 04:46:17.000,Stargate,0.00000000,93.46047616
Arbitrum,"0xc5d675aac5c801438dc5bd101224434748c4574119194319419ca199d7eaf65f",Fantom,"0x25ffe48a19d757248cde35e0e4a60db7591f1a0bdcc29f3eda4b1fcc5d11a73a","0xe387549913167b6ddfb3766d410cb78e9ef3cde3",2023-05-09 09:43:41.000,Stargate,0.00000000,93.66816079
Fantom,"0x521348b880070627e525a5f7ec3eec038975733f89ec9695868519927a47e8b2",Polygon,"0x3ccf7da83a54c484cd400963e8d808a07529bfb33f8db8859de7608b00f5c0a5","0xe387549913167b6ddfb3766d410cb78e9ef3cde3",2023-05-11 02:24:52.000,Stargate,0.00000000,93.40207336
Avalanche,"0xf7cef3930cd7cc750b7826429d9fbe6a700012d81e585b267c8f668c8e919166",Arbitrum,"0xdbd336b2c044407148d03b7f7c643f0a15c4420872ad13d8bdf560b098872630","0xe387549913167b6ddfb3766d410cb78e9ef3cde3",2023-05-14 01:31:51.000,Stargate,0.00000000,93.23739598
Arbitrum,"0xf701ba89f23ffe48b7381450068d72fa59fa21a6d0f54491db22274a85e0d860",Fantom,"0x94b17a232d774a79b80659f6b42f1b2ae787d6e9245af9a3d3798983e23e9ebb","0xb715599cc0bd452f3c0005ca79a69dc477ae8021",2023-05-09 09:50:02.000,Stargate,0.00000000,93.94070064
Polygon,"0xf3cb3b4707dc8336b3493f4d1f0be888b4e2bfb07d45fb6c50915a978ffa11e0",Avalanche,"0x0bda8e29a20ee126239dcd79c62adea4c99697b872ea5a8ac79ce93c943fe00f","0xb715599cc0bd452f3c0005ca79a69dc477ae8021",2023-05-12 04:55:52.000,Stargate,0.00000000,93.73143774
Fantom,"0xbb8a6eec1ba09cb362e3cca039aadbabedc010257bb12b315771dcaa7367b522",Polygon,"0xa28ebbd9a6b1922657f9c7bed883540788988f4af016efc7c5f1b09a3ca483d0","0xb715599cc0bd452f3c0005ca79a69dc477ae8021",2023-05-11 02:26:34.000,Stargate,0.00000000,93.67286502
Avalanche,"0xd28903cd05055fc0b2ab67572b741fcc76498e8f06976c536b20afe478043a49",Arbitrum,"0x00540b026ab027a7cf9b20db92252799fd8de43bede4c73a4310a4255241d8dc","0xb715599cc0bd452f3c0005ca79a69dc477ae8021",2023-05-14 01:41:22.000,Stargate,0.00000000,93.50771130
Polygon,"0x26d3a0dbe927af86e1598db27eb59b7e452b4506624304a9672de3f9f3bfb96d",Avalanche,"0x8ed0c6c34a8fe9d27cb468b2946cab2ced05d173ab0c468144867d61f44c6845","0x96d803d77c5ffa80b4e7f79922e7bb1f4bbfebd6",2023-05-12 06:20:07.000,Stargate,0.00000000,93.71631962
Fantom,"0x7c61be9cd5f827c0d311736f94f2fe5896c173a6f5cb0d72c090313ef7c4fba4",Polygon,"0xbd9553a2ba8cd1a68599a1b140d901673149035344aae9400cfe10c8937c861f","0x96d803d77c5ffa80b4e7f79922e7bb1f4bbfebd6",2023-05-11 03:04:30.000,Stargate,0.00000000,93.65775642
Avalanche,"0xd7ac839afb965cfd42ae8ea6a98fa7372c6108833bc34deff4b8783519a7bd9e",Arbitrum,"0x71711376cd94c0bf1194347fc6c879c7e563651f54fb8ba56de4da339d1a2401","0x96d803d77c5ffa80b4e7f79922e7bb1f4bbfebd6",2023-05-14 08:28:35.000,Stargate,0.00000000,93.49262820
Arbitrum,"0x981ee47d76fbb361410e3ba69a8528ad7c34c455b8dd45200401cb868d83f09e",Fantom,"0x401fe1b5a4ef78e64d1123f692f436ccaa07474c86e38beb5cced978b4ec7a3f","0x96d803d77c5ffa80b4e7f79922e7bb1f4bbfebd6",2023-05-09 09:54:02.000,Stargate,0.00000000,93.93969890
Avalanche,"0x5f83225d047382485dcf6476206564deea4d7455a2917aa26bbf62aa141b2080",Arbitrum,"0xa16ef911009d2a9c94b43164053762c3004cde71ad443c323dfd59b56e8e1bc3","0x84dbabf51a3d7e9fac799ec06aa1b8112bf3f97b",2023-05-14 01:43:23.000,Stargate,0.00000000,93.51516446
Polygon,"0x1afd4f04d47abe68852f344698e316c46730f219f9d85bf09f30551ce4fdc0ae",Avalanche,"0x0addd17741d2378fe1af2c5619f3d906c67ddec2ac2aefa679e7e245b1664095","0x84dbabf51a3d7e9fac799ec06aa1b8112bf3f97b",2023-05-12 04:57:48.000,Stargate,0.00000000,93.73890926
Fantom,"0x2c87e321be65fa9bbe88f84049dc6d4d462e605cca5c49ad775cee41fdd0f2e9",Polygon,"0xfe0b9fcdd2163e2ddd116c11d32b0e1bd0ada3740a162b4d08d05d58ca026d22","0x84dbabf51a3d7e9fac799ec06aa1b8112bf3f97b",2023-05-11 01:58:38.000,Stargate,0.00000000,93.68033239
Arbitrum,"0x0cc01adf463476f7d62eccd88e7dd2e17ebf10d6fe1e506a173cb67ee5ae6c78",Fantom,"0x26829a25cffa65c7d8851e4d30e456b51d3d12a803c96955a2d3ad1c03e9a6e1","0x84dbabf51a3d7e9fac799ec06aa1b8112bf3f97b",2023-05-09 09:51:21.000,Stargate,0.00000000,93.94013622
Arbitrum,"0x7e45aada51ba6b3d822db1a0612d7e505c7f3fadf9ce37fd01770cac7c2a6f5e",Fantom,"0xea0926370f73b99b20ed28810c788d57cfbb6a85eaf5754e32ce9bc3691c107f","0x54492adadafc8a09a4886fb5acb9138293aa6430",2023-05-09 09:46:01.000,Stargate,0.00000000,93.94514792
Fantom,"0x06385cdb01d71c248c2715f1fc69d46df747f46abe25a0cca157f919b10c0f61",Polygon,"0xc6ceacf86ea7d520e245ffc2f40dfaef927611660ee38d6cc5c342e0ee27cc6a","0x54492adadafc8a09a4886fb5acb9138293aa6430",2023-05-11 01:53:18.000,Stargate,0.00000000,93.68694540
Polygon,"0x412a1a11a51a195a84aee7ebb546d214c51bc052472f78fb36e9c3fabd800971",Avalanche,"0xa705746bdb6452f7c62ace0074dce3988d6e8c6a0d89a1a7f63e26c4a19678a5","0x54492adadafc8a09a4886fb5acb9138293aa6430",2023-05-12 04:49:47.000,Stargate,0.00000000,93.74552738
Avalanche,"0x72c138c4ad56f4d51e66eb80e610e052c032f708435fc1535b35a8b9552d3048",Arbitrum,"0x607288719ab300673149cd9abab2a4610ebb7a3a69b6ffdd2a671496a226e14d","0x54492adadafc8a09a4886fb5acb9138293aa6430",2023-05-14 01:35:22.000,Stargate,0.00000000,93.52176675
Arbitrum,"0xc8061eb9e1de1db97afe5d95b1fdfe5a0c8bc9e8cca71593cb0bd6eb38f30e0c",Fantom,"0x5b3efd7dfc9f8bc3ce914a14625524b0e73b8a193b68c353f7881ad59dbfb31a","0x729c44a3930b339b967056d2591b4d31df08c171",2023-05-09 10:00:03.000,Stargate,0.00000000,93.89969442
Avalanche,"0xcb692d72afdd219ed01040e93db888e5f85b5e71210e50649362339586f18e6e",Arbitrum,"0xa354bb5b5f19717088dc32d7aa6e37b54618cdf272f1bc99069dbd336795b709","0x729c44a3930b339b967056d2591b4d31df08c171",2023-05-14 01:56:25.000,Stargate,0.00000000,93.47381802
Fantom,"0x106a6d4bd204f29a1a888b55e27dfcd0ab8ab1a49f81bfda6f15c04b2e5edbf4",Polygon,"0xf9ac9b0eabe2786b73953420a3c70877822c8c6735d45f3c16c753eac2bd301c","0x729c44a3930b339b967056d2591b4d31df08c171",2023-05-11 02:07:18.000,Stargate,0.00000000,93.63891164
Polygon,"0xf224e7044ae68fe699114a8f703ee89b050e9e02659315b90a1df2ba0c789a68",Avalanche,"0x9958ebf2eb9a9ce3dc0316fa8634434369aa95a4c308e846b38404e6f7c3eb6c","0x729c44a3930b339b967056d2591b4d31df08c171",2023-05-12 05:10:48.000,Stargate,0.00000000,93.69746375
Fantom,"0x67a8a58ff3a573df3134d45e89d44bf667690b215199f038fe2495187d309563",Polygon,"0xaa6508de8328a59d88ef0f5530a247de1e0319770f3df33f3c3e3210674499bb","0x709f56420791c332e92fbb50e572dd6077003f75",2023-05-11 01:51:45.000,Stargate,0.00000000,93.69889138
Polygon,"0xcf74f7766dac0a15ed086bf5c121ef97d72a429b07a797e16dc9c6207b118908",Avalanche,"0x80e8aad47e372a7fbf8e589b3c27a85a955a5618daf9ec9594dd7decbe424d84","0x709f56420791c332e92fbb50e572dd6077003f75",2023-05-12 04:47:21.000,Stargate,0.00000000,93.75748100
Arbitrum,"0x3eef5688674d5bea05127a93809f584af9e2663a0e9421f31d8585f004385291",Fantom,"0x668caa266263912559e30b8888a3af627f1c2c640b13bff287768f51dc85364d","0x709f56420791c332e92fbb50e572dd6077003f75",2023-05-09 09:44:22.000,Stargate,0.00000000,93.95687156
Avalanche,"0x97c4f566af05ab5a7db7639c60e710b89b418c54f4b88cb01ed300f21e7c34f2",Arbitrum,"0x1518f5285f2ea96943b7965bb8d1e79b5694772a4e283971848302e9671c66b2","0x709f56420791c332e92fbb50e572dd6077003f75",2023-05-14 01:32:53.000,Stargate,0.00000000,93.53369202
Avalanche,"0xd1a31429d96f9cf7e97344b06e4d065a1d095fac7c44c72d544b0e15bd22d529",Arbitrum,"0x5fcbea5db4029c705c1d326ebfe29e610bda3959379fb88c1d597d9a14c3ae40","0x2c0e8841bca8530f639bf396310806152730354a",2023-05-14 01:35:53.000,Stargate,0.00000000,93.50892170
Arbitrum,"0xe2ad8b39a7eecdc867115b160f369e9a00a72af869179ef445af752fa4a0122c",Fantom,"0x829b2bf265fd062dabf64067eafb17a5a173aee864405736f18e4a57bff2df56","0x2c0e8841bca8530f639bf396310806152730354a",2023-05-09 09:46:21.000,Stargate,0.00000000,93.94102788
Fantom,"0xbeb1a8686cb056d92bca44ac6701a3108cc33c3867961ff0242d2d7ea871ffa0",Polygon,"0x33fec49db01f846e0c3572a5ff2b19adf90896278a19437392860e83fc9672af","0x2c0e8841bca8530f639bf396310806152730354a",2023-05-11 02:26:04.000,Stargate,0.00000000,93.67407811
Polygon,"0xac02e314ab39edf7a2da81f92d2f2768ad4739e06ff4fcafe170120dd7e4a53a",Avalanche,"0x9f83a727d63c9c16e70033458f51f76c7053d0e023d3aad6f1031a443747ffa0","0x2c0e8841bca8530f639bf396310806152730354a",2023-05-12 04:50:19.000,Stargate,0.00000000,93.73265131
Avalanche,"0x8510647e251e91be261378b922efbe0b8c0be9ad343f1c92e42ee670a52edf68",Arbitrum,"0x49b5a8dcafb65b6b6d45d5b91bee7381f94290155f9ef3a1796733bf0b8fa285","0x60584e77abb33c3623187a4d3acd06bc1876321e",2023-05-14 01:24:52.000,Stargate,0.00000000,93.40773921
Fantom,"0x18fb9408ebf529629fddbac803287b037df4ae72e94412f8d952d9314f3edd94",Polygon,"0xff95ec9ac45d6aac828ebf03ef15cd0afdc072f3913162f19a613a6ec86e8a79","0x60584e77abb33c3623187a4d3acd06bc1876321e",2023-05-11 02:22:08.000,Stargate,0.00000000,93.57271659
Arbitrum,"0xfb3516b48bcacfb73a2128b3607a8faa04ac67b2ca732a6382dce3e41e695463",Fantom,"0xad6c15b46337e87f72c96b2df04c9bffc11a4d91ca0aaeb167fcf1fa298fd3a0","0x60584e77abb33c3623187a4d3acd06bc1876321e",2023-05-09 09:39:01.000,Stargate,0.00000000,93.83862341
Polygon,"0xb53e2d5e565f25f910c50f683a073f72fe648775ce9b69c78da6a3150e42fc45",Avalanche,"0xe658e961c69577441cc41edf94542082023fb6b59ef5d711f41803047862a362","0x60584e77abb33c3623187a4d3acd06bc1876321e",2023-05-12 04:39:17.000,Stargate,0.00000000,93.63122656
Arbitrum,"0xadf179589dc989ca1fe52666947c63c748fe3a0460cbbc300bf7584a2fe8aed5",Fantom,"0xeb350bb97aecc18dbf0acae4a6bce9ad4bbd9e7b3d342885e64fd2443be90dae","0xc6fbde889fa4ac4eba98dfcbfe75a915db1c59ff",2023-05-09 09:39:21.000,Stargate,0.00000000,93.84006147
Polygon,"0x89caa5603e6b7ec916e98a817f703202bceff382801964cd3e52244a66195c5c",Avalanche,"0x433d520c1d35a5a0cecc42f5e29c672526ef97a31aff237bb8844b2b3cfbe5da","0xc6fbde889fa4ac4eba98dfcbfe75a915db1c59ff",2023-05-12 04:39:49.000,Stargate,0.00000000,93.64204165
Fantom,"0x0ebccbecbc085fa3394f3829783bcc39bc2eb5a940b2d7b8f9376016aa81a696",Polygon,"0x75824816636a5a988967fdf74bac2bf7278fb788fe78e06cf7c2ec9b5d7841d1","0xc6fbde889fa4ac4eba98dfcbfe75a915db1c59ff",2023-05-11 01:46:37.000,Stargate,0.00000000,93.58352544
Avalanche,"0x435a6ed7f89a9e7f45732cc04ee42e343a1ca0e5ae12e07e420ce3cc50a5fcbf",Arbitrum,"0x5960db260ee4e3a3d29b5f06190696025bee03b6a0f620a2f1f07522f90c2f14","0xc6fbde889fa4ac4eba98dfcbfe75a915db1c59ff",2023-05-14 01:25:22.000,Stargate,0.00000000,93.41852897
Avalanche,"0x76f692ef7981940da8aaf9aff89be779aff30aac6c4271bedee0e5b2f9083cb6",Arbitrum,"0x9f9fb85d59c227446b91c309f8771e9e31d0635594a1c398dea587dfbc95f836","0x00196e9caf273a64cd1911e18ffe1a96b0113f4c",2023-05-14 01:42:22.000,Stargate,0.00000000,93.51525734
Fantom,"0x8be8e965b202867c9c116888dd11f965f3698aded1246cf8d4259d127bb92a9f",Polygon,"0x1efa956bec6c56ae69c72198b20a244624f0bb961e89abffa36cfae0a4b55704","0x00196e9caf273a64cd1911e18ffe1a96b0113f4c",2023-05-11 01:57:58.000,Stargate,0.00000000,93.68042532
Arbitrum,"0x270860d67d89f09c04d7532b8b6ccfe6ca8398f0ecf8091c9173f210d2c251f6",Fantom,"0xaa548890bf79204124879018703a5e06164473dc5e2d41a3cc2011cca854edd6","0x00196e9caf273a64cd1911e18ffe1a96b0113f4c",2023-05-09 09:50:43.000,Stargate,0.00000000,93.94018826
Polygon,"0xd6d07aaf41988a37854b8c1c2b61423cfc380f292e1c8834c1403128bf10b642",Avalanche,"0xab21e3414eb3e08a5e3077a90686bba0c4c7de72936eaa97ff42a5d4f6465062","0x00196e9caf273a64cd1911e18ffe1a96b0113f4c",2023-05-12 06:43:41.000,Stargate,0.00000000,93.73900230
Avalanche,"0xd77e506ad83815ce180b6214f1953a22950847779b28e3c98da421b844b80091",Arbitrum,"0xfa492993cef9271d51d281bc8288f75078e6b0933d6a5a4496a6897a5f24e7aa","0xe186cf00eb0e929b84e15b317e422047a5d69031",2023-05-14 01:42:52.000,Stargate,0.00000000,93.50657380
Fantom,"0x4f1c52df3d5461d4e181c787f6ce003a1dee287061e4ca1fc5a88188e590523f",Polygon,"0xb87171f2b82efe8faff3c35257572561efdca5cec92811548bddbddc30765018","0xe186cf00eb0e929b84e15b317e422047a5d69031",2023-05-11 02:27:10.000,Stargate,0.00000000,93.67172688
Polygon,"0x0b2534f7637a3a4ca1a119e465748825b49de5b7f60f84e0a5e8dcaf51fd3ad5",Avalanche,"0xcc55a782d80c7cb80f8b53f0786cc95aeb2874943e22aae0d0192f27cc04ff9f","0xe186cf00eb0e929b84e15b317e422047a5d69031",2023-05-12 06:19:05.000,Stargate,0.00000000,93.73029820
Arbitrum,"0x9e3cc08a27a804f00f040a8f32341b460045ccfbcaa27afb28d85c51c9a7fd4e",Fantom,"0x48eec4d66a3d825a3b52646040863f246d94e7f2e1e9c30023d4e90e702798ad","0xe186cf00eb0e929b84e15b317e422047a5d69031",2023-05-09 09:51:02.000,Stargate,0.00000000,93.94016624
Avalanche,"0xdbb2b4501916a6cefc12223c034e87c19a3deb4a6be06de156cbf74246e26839",Arbitrum,"0x3dfda9218b4c19e72c9a7db643936fe0991cb237b37168dd820d68123541c0d6","0x25161097c2e6bb330159f78c40016cb9476b1474",2023-05-14 01:40:22.000,Stargate,0.00000000,93.54817690
Polygon,"0x8d83d319b67f6caa3b2e01299cb8891db40cc96f012344e8c29a6bc5b0a1ff71",Avalanche,"0x22dadc118d5d49fb306a49923e287c0b0b07d809d24603d15b8964d13d54fe8f","0x25161097c2e6bb330159f78c40016cb9476b1474",2023-05-12 04:54:48.000,Stargate,0.00000000,93.77199984
Arbitrum,"0xf28ee3a7b2baf58c61c443ad736e94fd9c0298c9fcb5aa84013f17beb534c8a0",Fantom,"0x40ad5b9ef4c46b96daedd590f244cb6d5c1ea28b4956a4122366b95639e504af","0x25161097c2e6bb330159f78c40016cb9476b1474",2023-05-09 09:49:22.000,Stargate,0.00000000,93.99547500
Fantom,"0x8c4f220b6503d3dac4a8a86dae3676d697deedff5c438a6f6441e71821407cfa",Polygon,"0x0335eb6e6f2ef2c77f8c97eb07bd38ab0643aa5b4bbd72710693f64c97ef3929","0x25161097c2e6bb330159f78c40016cb9476b1474",2023-05-11 03:04:10.000,Stargate,0.00000000,93.71340243
Avalanche,"0xcf55d14d460de4aecf37e0813fb4db31c94ce8aa74963162431851419a392b68",Arbitrum,"0x66bcd61a8295e25bfdcddf26b579949f02174598725d0fff9f7d55e9e4da35b2","0x3ad7de8502cef1e1dd72db5306e48216ce83316e",2023-05-14 01:28:25.000,Stargate,0.00000000,93.49837462
Polygon,"0x4e2466bc9360265849bdb575f51a6f8d837567f5bbf06d4b42a144660ef08b01",Avalanche,"0x85e31f98943c43b5b92bea1f3847565499cd81db43605093afe8ba1db6bbfef5","0x3ad7de8502cef1e1dd72db5306e48216ce83316e",2023-05-12 06:42:43.000,Stargate,0.00000000,93.72207833
Arbitrum,"0x760b56358747157feb51b699ffa31c40f61aa89f06adb7e201d709b3c106eaa4",Fantom,"0x792cedf94223306de8433a4e51445f486a00f0306fdb3bae1bdb1987b9eae3f3","0x3ad7de8502cef1e1dd72db5306e48216ce83316e",2023-05-09 09:41:21.000,Stargate,0.00000000,93.93026195
Fantom,"0x31bfd1f039c62f4c7d91e2865e6d9f8ed1657565fcc4ef071f6d47fed07a6880",Polygon,"0xf6a2970d7cde43308dfc287191962a0c37dcd075d800b342c703c0d369ce6eb5","0x3ad7de8502cef1e1dd72db5306e48216ce83316e",2023-05-11 02:23:31.000,Stargate,0.00000000,93.66351208
Polygon,"0xa5515db8e99b0e8c9e2933a2f16a59dd073d15d5f601aa0d7334472c238c102d",Avalanche,"0x67256cc0eb092ed2d8d58153e15912c013f2d0abb1368e4dc9dfe4a6f40a5d81","0x3e6e1b553396c9b6883ba7e09cd11c8643485057",2023-05-12 06:07:59.000,Stargate,0.00000000,93.70433798
Avalanche,"0x6628df71cd0e39f14b1ec3e4211d4d5672bc8289aa107b81c5c3453fad9e63d4",Arbitrum,"0x8e8bc51e1631618f56c0da740cf71a9dd193dedefc7f26fdb8fd5c467a9e085f","0x3e6e1b553396c9b6883ba7e09cd11c8643485057",2023-05-14 08:29:36.000,Stargate,0.00000000,93.48067497
Arbitrum,"0xe027f43960210ba18513dc1a39d051585ef877b11f57b2a21f80b8d0784a83c5",Fantom,"0xfbb8654b4cbc4dc51c7e61e56d90d58da986b8318dd151dc33d95eed2226d10e","0x3e6e1b553396c9b6883ba7e09cd11c8643485057",2023-05-09 10:06:13.000,Stargate,0.00000000,93.92940031
Fantom,"0xf93e14ea1a4f7214bc22f3e7e05572f15ccedf169f626e4ef0b4198c66410254",Polygon,"0x6d9c4e4e2caf5a65e1d2f9d26562fc5f20ed6a288a3935e5efc2dfe9faa82419","0x3e6e1b553396c9b6883ba7e09cd11c8643485057",2023-05-11 03:11:14.000,Stargate,0.00000000,93.64578246
Fantom,"0xc9536bc3638cb0a8fbd4f91e7f785d6bed4f445489fa9fa0889811eb806ef665",Polygon,"0x3344842ff83f28c0099c802fc1eddbd436051266bb0f60abcc23debe8f66cdb1","0x26dc1ed66b601cefb2981fed427c31fb960f7156",2023-05-11 03:15:41.000,Stargate,0.00000000,93.55490803
Polygon,"0x84ebbcbb56b6b51d439103db3cbe8ce4d8ef3ac4416ac921daee7ae791bee934",Avalanche,"0x5eca250bd6bc069f7dc787057369ad58992b9bdb1034e95759907e0a322955da","0x26dc1ed66b601cefb2981fed427c31fb960f7156",2023-05-12 04:40:19.000,Stargate,0.00000000,93.61340717
Arbitrum,"0xb35268ee4051c9b7910026ab74b8832edc44e5a0a362885308b57aa0914c54cd",Fantom,"0x78c761c65a7f5014ed3c9ca20ae8453616f9210d179ca0744a6014c61b28308b","0x26dc1ed66b601cefb2981fed427c31fb960f7156",2023-05-09 09:39:42.000,Stargate,0.00000000,93.83989235
Avalanche,"0x334746fe9c3fd4f63f9cf4a98ddf9c113485d86b5299cd9c6b38a3881762b0a5",Arbitrum,"0xe670574eed2d5585635b205025e06bdcd1cf33e21bda37e7ea626bcedec2c16e","0x26dc1ed66b601cefb2981fed427c31fb960f7156",2023-05-14 08:27:35.000,Stargate,0.00000000,93.38996267
Polygon,"0x1b29494b55c22b17873243b833f33833ebdb5f176b9b0d6f26ab4048c93709aa",Avalanche,"0xc3266d659c89a693b3c8d33af5565cda2bc181228831002a27d1b10b8d8039ad","0x328feed121cf615ff3136c8dcf24d366b5e1feb3",2023-05-12 05:03:50.000,Stargate,0.00000000,93.68363123
Arbitrum,"0xbe0d2ca09c41e034ee0f10d25fc2c12de24362016b6544aa7f8aa050bef9e7b6",Fantom,"0x811ff1f1e35c2636d8bf5af215e4bda583632bcf10c654bcf0aed1c177536198","0x328feed121cf615ff3136c8dcf24d366b5e1feb3",2023-05-09 09:55:21.000,Stargate,0.00000000,93.91042332
Avalanche,"0x50a7f6966a610aa986a832086ed844b4ee3e30d334e539f6b69f617f5d0b7055",Arbitrum,"0x1c44fbac972c1078415d7530a1e4a5c1df33c0a402b58fad68721a9c1d36239c","0x328feed121cf615ff3136c8dcf24d366b5e1feb3",2023-05-14 01:49:22.000,Stargate,0.00000000,93.46001923
Fantom,"0x867e74da1b4d6a67de001ff2bd563d3a576e8b168c84818a70047d1721b6fdcc",Polygon,"0x16afb695f2cb55084da13814ca27dd720a1d96f68c384f102dbf5d9250ade1c9","0x328feed121cf615ff3136c8dcf24d366b5e1feb3",2023-05-11 03:16:03.000,Stargate,0.00000000,93.62508807
Fantom,"0x3b66d5e37c8955ee66b77be579bd0e2689ae84199a64a894c2646af0ad070fca",Polygon,"0xaf6d7fe5018c6a94c38bf2c036539a9d514a5ef0d65c6af0493cda269eb5a66a","0x4d84b680b42be81eadca48424150d32d7f92bbc4",2023-05-11 01:52:57.000,Stargate,0.00000000,93.43810417
Arbitrum,"0xf38127bdddb9a5440da80617ea2336bab7b9590b2945ddb70f548063b9f2086b",Fantom,"0xde1ddc1375e179bac58f4d9deae955a3283651b167d9221eef58ee0cb0f88e4a","0x4d84b680b42be81eadca48424150d32d7f92bbc4",2023-05-09 09:45:43.000,Stargate,0.00000000,93.69558500
Polygon,"0xd10d43d9d56d9edab34b68f6d03240c3e635bed46cdb8e223eb5e035621e4caf",Avalanche,"0xd1f6e829be3448f5b468977e0329f1874a88ecca0adee2b5d29d2a1dd463d9f0","0x4d84b680b42be81eadca48424150d32d7f92bbc4",2023-05-12 06:03:59.000,Stargate,0.00000000,93.49653014
Avalanche,"0x6c4b03988d49af06da67ccebf1a2d6e492dccaed73e7af64bebfbe6f95d505e0",Arbitrum,"0xf375dc16f14833e87ec9a2c33d30fced1043ec9f7e67f434e08731459b85d19a","0x4d84b680b42be81eadca48424150d32d7f92bbc4",2023-05-14 01:34:53.000,Stargate,0.00000000,93.27336352
Arbitrum,"0xcd44d67e9811c4ff6d09f7b98ac8ab01fb7cb71c052d12be3e2d3f38ca544f65",Fantom,"0x2be32fe43aa2c77c98420360d66030ae944b04ced90d822bde0a61daa06a0d5d","0x5601a2fc169743a9a2e4f4200c25fd236a277f08",2023-05-09 09:45:21.000,Stargate,0.00000000,93.94107491
Polygon,"0xb7632069a1881ca2b2e942f7046c5c60f1e0a5b2e239ec461a47e65e1a28d577",Avalanche,"0x5b4b1b002af39109e6b282b03cfee0a1a512cc85a31013d792062f449869662a","0x5601a2fc169743a9a2e4f4200c25fd236a277f08",2023-05-12 04:48:49.000,Stargate,0.00000000,93.74163954
Fantom,"0x3133037aa3fecc3a7d02bbd1debad252513dee1fbf2e7c1c7a6a1b4b92403b90",Polygon,"0xff3d3956c0dd2fcf19e10f88aed7b08835976073ffafd3dd71fa3b4247b1b11d","0x5601a2fc169743a9a2e4f4200c25fd236a277f08",2023-05-11 01:52:37.000,Stargate,0.00000000,93.68306033
Avalanche,"0x4bc64fe46b442b3a0252fa4ecc49c66442145667c532f1ceba6d459e2bbb735e",Arbitrum,"0x1d973450ed36cabb5e9e34a947a57be8cbc5a316a6eb929c2b2bd182ee2ab245","0x5601a2fc169743a9a2e4f4200c25fd236a277f08",2023-05-14 01:34:21.000,Stargate,0.00000000,93.51788887
Avalanche,"0x929747891d9705f3170eccab36624d4c422668dfbb316db4de73a2fbaabf529f",Arbitrum,"0x990193c8c40fa5324ac5bcaa18c25c2351d0085fa9231bb9299161d5d9e734eb","0xa67ff39701306220cdf10ff13b5d8c843e983cfb",2023-05-14 01:52:23.000,Stargate,0.00000000,93.48081079
Fantom,"0xfb14815b51c6e56b4a5b887d5420af3191977b2fbf6fe96fa4dbe7d10e5e4304",Polygon,"0xf8569bf8a4a3d1d227f0a55fb32be9b2db542b013c827edb2611aee3cb0b3838","0xa67ff39701306220cdf10ff13b5d8c843e983cfb",2023-05-11 02:04:37.000,Stargate,0.00000000,93.64591836
Polygon,"0xb3d151a64f5b1e19acf594848758d0dda94672cbd808951bd56272b16fb82690",Avalanche,"0x67d30f797a1eb09749a1ec217fe7266e874a3993c913418bff1eab9b340707d5","0xa67ff39701306220cdf10ff13b5d8c843e983cfb",2023-05-12 05:06:50.000,Stargate,0.00000000,93.70447405
Arbitrum,"0x80b662b410e66b46faa5276121cb4cba37519f4220c50e3caedc4a8c62a314b0",Fantom,"0x32cee4a7d43326ef5df34239053e267f78f2766f536f92c354028da10b4f14bc","0xa67ff39701306220cdf10ff13b5d8c843e983cfb",2023-05-09 09:57:22.000,Stargate,0.00000000,93.90643138
Avalanche,"0x0301df96e9f0a9536a96e7552597bf3f8c6f4fbf9ca994d2ea3d842c80455440",Arbitrum,"0x090e3db4095a19ab393fc4d68fd056a61a8973003ca5f54a72b77479dbb9a479","0x8af4bf6364945a92b7859851fb710f54f4ca2b65",2023-05-14 01:52:54.000,Stargate,0.00000000,93.48062304
Polygon,"0x0ff521dd23b7bcbe064f26098362fc1a9da368200aa8a5e3881f80b0ac829d29",Avalanche,"0x9c674e20f21e3e1819505fa556d9c5c152f266742b05a12248a561973ebeb3b1","0x8af4bf6364945a92b7859851fb710f54f4ca2b65",2023-05-12 06:10:29.000,Stargate,0.00000000,93.70428596
Fantom,"0x509c51ec60ddcd84bf0a524fd5f7ed0b239795a9c3bd5119a4e6b0ce228a328f",Polygon,"0xe67796f03dab8c177d14261be7dea87a9afb076b52ce1f50df3e52d81d354eb8","0x8af4bf6364945a92b7859851fb710f54f4ca2b65",2023-05-11 02:04:58.000,Stargate,0.00000000,93.64573050
Arbitrum,"0x77f2a433fefb631160a6bd7f0b9ff81b29d9b7dc02fb165d0083f13566e3ac9c",Fantom,"0xced1db644bc3f7aa1d048dea65c283724928a8f038305cb07b685e3b2f62cf11","0x8af4bf6364945a92b7859851fb710f54f4ca2b65",2023-05-09 09:57:42.000,Stargate,0.00000000,93.90632530
Polygon,"0xc7396b22fe4dd8906d6b1cccbe57fcd07f3c447682fc6c182243dcfe5f0eb856",Avalanche,"0xfb348ccf1483add18a1ad07c32af419e47dcc9f775445f46c481c2bbb0dc9d37","0xd992807e270fedcf91ad7458b4c1692dfdbe8222",2023-05-12 06:19:35.000,Stargate,0.00000000,93.71388548
Avalanche,"0xfd33d5200f83d76fd53030e4d22040f280ee57be1b909e2391a520f7ec610fd5",Arbitrum,"0x2afea93f2f126bc6a718b1b245cfd3717c54318e14943092976dec9d69f7bb82","0xd992807e270fedcf91ad7458b4c1692dfdbe8222",2023-05-14 01:45:53.000,Stargate,0.00000000,93.49020140
Arbitrum,"0xdc3ee5534fb3162ca3f05b695b05125cd65eadf5f00a6dd613a61b3181890e64",Fantom,"0x59570eec9653a908006b65164f32ed1620b6d2d913053d37ebc3feeb96a62d10","0xd992807e270fedcf91ad7458b4c1692dfdbe8222",2023-05-09 09:53:01.000,Stargate,0.00000000,93.92924219
Fantom,"0xe8c89dac5b785e115b0fff71b30b8230b7f92ef8940d6768006d8c397cab58d0",Polygon,"0x98887d359ecd9ae5aed3ad9d93d7dcdf4713a5fe25dc41b999b0e5c25e62dbb3","0xd992807e270fedcf91ad7458b4c1692dfdbe8222",2023-05-11 02:41:59.000,Stargate,0.00000000,93.65532326
Arbitrum,"0x47cf7ea8c5c14463d30e0f223d72afe794092b585b8c7c4213ca8efef78a3824",Fantom,"0xacb7a12a6f66cee488601782821f314b7867389e175df1744b9fe080e7fa63cd","0x7b9bc8258696273f5c777c8467b3b614ced61358",2023-05-09 09:41:01.000,Stargate,0.00000000,93.92972055
Fantom,"0xb308cf5a9904a539b5c90d59d81e6a95c79fae6c9563ebca3261d35417867dfd",Polygon,"0xaf5f222ae9d99b90db19a9dda666b71412add554468f88d4b2511f5583943144","0x7b9bc8258696273f5c777c8467b3b614ced61358",2023-05-11 01:48:17.000,Stargate,0.00000000,93.67279108
Polygon,"0x18ea62576cd61ecdb4d37a39ab516849de035bedf39784670e0ae6159f959ac0",Avalanche,"0xd3fc6adfc0190035cf4023ed4ea95e93932539e7074b7eabc18c0c8e7f21853f","0x7b9bc8258696273f5c777c8467b3b614ced61358",2023-05-12 06:42:11.000,Stargate,0.00000000,93.73136371
Avalanche,"0x6b6bc9a95b922c11460f4d196c050e730035e8700cc0dbf9361ca99a9077efcd",Arbitrum,"0x80cd600cd8ecd5698709658469300d032fb0571781e932e778c25dd3bdff4db3","0x7b9bc8258696273f5c777c8467b3b614ced61358",2023-05-14 01:27:55.000,Stargate,0.00000000,93.50763740
Polygon,"0x745c62a97a0a115b087b8e758c18b488275f65158ede05fb83852f48c7434ba8",Avalanche,"0x03d82e3f85991ffb0b963a245a8d2fbfd67b00a3a5e11433e23e3b03f8aed279","0x3f68ce97c92fa1aec78b02f046489e6ccfc45d22",2023-05-12 05:05:48.000,Stargate,0.00000000,93.69593403
Avalanche,"0x6949f5c3042a88f9d84202d05270f4612826b8a3dcc5d3362a1897d2f2e421c0",Arbitrum,"0xbea2c37cfaad1badb1978411175179984ce7057750c179588da54ea04e6156c1","0x3f68ce97c92fa1aec78b02f046489e6ccfc45d22",2023-05-14 01:51:22.000,Stargate,0.00000000,93.47229203
Arbitrum,"0x59cb97a6b8cfff538d613a599c4be40db3fb5cd0a40694a938449afefda21acb",Fantom,"0x213ac2faf2ea6823ddc9fd52c7e9900d5a8340432f43d993f1647c30a4797639","0x3f68ce97c92fa1aec78b02f046489e6ccfc45d22",2023-05-09 09:56:43.000,Stargate,0.00000000,93.90756822
Fantom,"0x2a539c2e91f64c37c8f628a3b8a7d81a4cb515b75783fca146e9fd7819390106",Polygon,"0xe48741591837ec8bb85dde140b72fbfc2b4695c170da186e875cd25f943e6b6f","0x3f68ce97c92fa1aec78b02f046489e6ccfc45d22",2023-05-11 02:29:50.000,Stargate,0.00000000,93.63738380
Fantom,"0x726cf7ad664b4ffbcf557e8cc30b66a0a256d880173f0a787f9369b7a1ff21ef",Polygon,"0xee8ef41125549bec82dae14949119bcc84e4e019f1787df368a61bb5a4a154e2","0x874c2c53dde88ca5d0b7e61ddf6c008008343e05",2023-05-11 01:58:58.000,Stargate,0.00000000,93.71646412
Polygon,"0xb83417e9c12507c89e3b88e80a29c98444779868fe39f86ed09ce0b55f6f1479",Avalanche,"0x6fde35d57504558260163d5b69f36651603c0da5e548f734bcb81c82da2ef2be","0x874c2c53dde88ca5d0b7e61ddf6c008008343e05",2023-05-12 04:58:18.000,Stargate,0.00000000,93.77506428
Arbitrum,"0xda4dbd595e6c96dfc482a262c64e1dc7adcba30158496ad66799d177f968f663",Fantom,"0x75a10c615541637a842f3097dddf0c5464376adfe1252f5abc61dc41dbbd38ca","0x874c2c53dde88ca5d0b7e61ddf6c008008343e05",2023-05-09 09:51:41.000,Stargate,0.00000000,93.97640395
Avalanche,"0x0860fc451558489ef18ac6b238461e5e008d05d217d2aa4fbb7164c1cb06da0f",Arbitrum,"0x7f7dafe571037fd666d6652156e94cb31a67271694904eebf3d40a708d1302c0","0x874c2c53dde88ca5d0b7e61ddf6c008008343e05",2023-05-14 01:43:51.000,Stargate,0.00000000,93.55123287
Polygon,"0x641f1c5aa60183f941648f25a07816f7e21f2b707836009faa6f9790ab12773b",Avalanche,"0x8cb210b240388ef9de2511750ce3442c9de468af95cf45e3061e320c2c996a38","0xc167e343e911fc13927f72a54e6c5eeeadd82c94",2023-05-12 04:51:19.000,Stargate,0.00000000,93.71593744
Arbitrum,"0x0d2f860ded0ce2f5db2792234d183c1171de83ef8c421f7a0140729513d27c3e",Fantom,"0x0416eceefcbe4469d5cc72c2c69d3d3f22781216700a7db77fddc5c3f8656158","0xc167e343e911fc13927f72a54e6c5eeeadd82c94",2023-05-09 09:47:01.000,Stargate,0.00000000,93.94089578
Fantom,"0x14fdcd6cebfc898918f27790244637d211c34f13d78d421a69b489a6fed2a90d",Polygon,"0x63daada7d4bc9c9c63cdb4f88d628c9702014f1157e4ca3da0b4101a2ed10464","0xc167e343e911fc13927f72a54e6c5eeeadd82c94",2023-05-11 03:10:53.000,Stargate,0.00000000,93.65737471
Avalanche,"0x829b599a3a7146a8b1c103b0625cd26d7170cc0e0c168a9c684ecfea94f6b1ed",Arbitrum,"0x873a95f3f9255253636ee9b4302a252a7a4901fbeefdbf1d8d2fddee01513e3b","0xc167e343e911fc13927f72a54e6c5eeeadd82c94",2023-05-14 01:36:53.000,Stargate,0.00000000,93.49224770
